issuer,invoice_n,billed_to,mobile,address,date,email,data,subtotal,tax,total
Hess and Sons,40768,MRS. NATALIE BROWN MD,(609)920-1344,"Unit 6147 Box 8738, DPO AA 78548",04/07/2018,gregorymary@example.com,"[[""Stand-alone tertiary extranet"", 3, 86.27, 258.81]]",258.81,25.88,284.69
Leach PLC,57277,NANCY WILLIAMS,+1-874-003-0038x6277,"581 Craig Forge, Kaylastad, CA 50328",18/10/2022,orozcocarrie@example.net,"[[""Enterprise-wide regional synergy"", 4, 73.77, 295.08]]",295.08,29.51,324.59
Smith-Perry,61404,CYNTHIA RICHARDS,001-961-481-6971x146,"USNS Fields, FPO AA 11237",23/03/2021,mariasmith@example.com,"[[""Profit-focused motivating moderator"", 3, 57.78, 173.34], [""Devolved regional groupware"", 2, 48.05, 96.1], [""Extended 4thgeneration benchmark"", 4, 93.55, 374.2], [""Inverse multimedia installation"", 2, 59.82, 119.64], [""Cross-group client-driven middleware"", 3, 83.14, 249.42]]",1012.7,101.27,1113.97
Benson PLC,26192,DUSTIN ALLEN,001-957-629-3709x30639,"5065 Michael Harbors, South Mariamouth, ID 52556",27/03/2021,davisderek@example.org,"[[""Quality-focused impactful portal"", 3, 32.14, 96.42], [""Realigned zero tolerance groupware"", 4, 15.85, 63.4], [""Devolved next generation encoding"", 5, 63.51, 317.55], [""Sharable explicit ability"", 4, 65.75, 263.0]]",740.37,74.04,814.41
Prince Ltd,74710,MICHELE RAMOS,568-406-9142,"7021 Ryan Camp, West Jennifer, AS 57096",15/07/2022,caseyfoster@example.com,"[[""Synergistic analyzing secured line"", 4, 83.55, 334.2], [""Decentralized well-modulated concept"", 4, 45.97, 183.88], [""Cloned even-keeled support"", 4, 48.31, 193.24], [""Balanced cohesive support"", 3, 19.35, 58.05]]",769.37,76.94,846.31
Roberts-Mitchell,91208,ADAM CAMPBELL,453-808-9451x51601,"88347 Kelley Station Suite 920, East Leah, HI 18136",02/09/2020,williamsdavid@example.org,"[[""Diverse intermediate projection"", 1, 54.72, 54.72], [""Profound optimizing data-warehouse"", 2, 85.91, 171.82]]",226.54,22.65,249.19
Skinner-Davis,74012,ERIK MILLS,(945)831-3039x9494,"USCGC Perkins, FPO AP 21863",19/12/2018,kelly88@example.com,"[[""Versatile 24/7 intranet"", 4, 64.66, 258.64], [""Synergized content-based paradigm"", 5, 47.61, 238.05]]",496.69,49.67,546.36
Cobb-Gregory,37800,KIMBERLY GAY,076-203-4180x346,"705 Barbara Meadows Apt. 124, Yangland, NH 40183",25/06/2018,tinataylor@example.net,"[[""Switchable non-volatile time-frame"", 2, 27.36, 54.72], [""Persevering mobile matrix"", 4, 44.75, 179.0], [""Realigned homogeneous website"", 4, 54.14, 216.56], [""Fully-configurable neutral solution"", 2, 81.14, 162.28]]",612.56,61.26,673.82
Hinton-Roberson,57641,TAYLOR DAVIS,(522)980-3662x9039,"88188 Rachael Vista, Debbiemouth, UT 28300",02/09/2022,amandagoodwin@example.net,"[[""User-friendly context-sensitive capacity"", 5, 79.27, 396.35], [""Diverse global budgetary management"", 3, 78.39, 235.17], [""User-centric uniform artificial intelligence"", 4, 16.96, 67.84], [""Adaptive local toolset"", 3, 13.97, 41.91], [""Diverse tertiary firmware"", 4, 31.86, 127.44]]",868.71,86.87,955.58
Martin LLC,44325,MICHAEL JONES,471.704.3486x6227,"65318 Williams Park Suite 128, New Alejandraberg, CA 40298",01/10/2021,hrush@example.com,"[[""Function-based directional infrastructure"", 2, 35.14, 70.28], [""Total bandwidth-monitored emulation"", 1, 21.96, 21.96], [""Reduced neutral emulation"", 5, 99.72, 498.6], [""Digitized background portal"", 1, 10.95, 10.95]]",601.79,60.18,661.97
"Kelly, Krueger and Russell",14991,HEATHER CHRISTENSEN DDS,001-089-423-9271,"6311 Tammy Ford, South Logan, MI 75501",21/05/2021,jmcintosh@example.com,"[[""Total next generation access"", 2, 75.47, 150.94]]",150.94,15.09,166.03
Leonard-Hall,59647,ERIC EVANS,435.296.5505,"USCGC Velez, FPO AA 74962",01/09/2022,edwardjones@example.com,"[[""Multi-tiered 6thgeneration time-frame"", 3, 60.83, 182.49], [""Decentralized content-based challenge"", 5, 52.45, 262.25], [""Advanced bi-directional orchestration"", 5, 32.42, 162.1], [""Mandatory heuristic standardization"", 5, 83.66, 418.3]]",1025.14,102.51,1127.65
"Rodriguez, Mendez and Gibson",42902,TANYA SANCHEZ,276.109.3062x6992,"8148 Thompson Point, Gentryland, KY 28961",07/08/2020,wattsrobert@example.net,"[[""Synchronized analyzing task-force"", 2, 48.74, 97.48], [""Front-line mission-critical circuit"", 2, 52.42, 104.84], [""Fully-configurable responsive migration"", 4, 60.67, 242.68], [""Persistent zero-defect infrastructure"", 4, 98.74, 394.96]]",839.96,84.0,923.96
Brown-Khan,96066,MICHAEL MENDOZA,(816)069-3502x9235,"03046 Barker Orchard, Armstrongton, OH 86985",02/02/2022,patrick07@example.net,"[[""Monitored full-range service-desk"", 1, 90.35, 90.35], [""Cloned actuating knowledge user"", 1, 42.96, 42.96], [""Horizontal heuristic strategy"", 3, 15.03, 45.09], [""Up-sized 24/7 hub"", 5, 33.1, 165.5]]",343.9,34.39,378.29
Hughes-Guzman,73514,KENNETH COLLINS,060-064-1950x8520,"197 Johnathan Circles Suite 484, West Amytown, NH 49695",10/08/2022,nicholasfernandez@example.com,"[[""Object-based bottom-line core"", 5, 64.38, 321.9], [""Enhanced well-modulated middleware"", 3, 23.4, 70.2], [""Function-based discrete collaboration"", 1, 34.93, 34.93], [""Synergistic solution-oriented ability"", 2, 59.73, 119.46], [""Robust mission-critical frame"", 4, 34.06, 136.24]]",682.73,68.27,751.0
"Porter, Green and Hernandez",23730,JAMES BROWN,(637)519-5973x4619,"76847 Bowers Garden, South Maria, CT 33794",22/11/2022,smithjoshua@example.com,"[[""Implemented interactive success"", 1, 99.56, 99.56]]",99.56,9.96,109.52
"Burns, Thompson and Hill",96413,BENJAMIN YATES,+1-844-712-5145x7402,"3044 David Crossroad, North Allisonside, KS 90204",26/12/2021,donnamendez@example.com,"[[""Customer-focused even-keeled capability"", 4, 13.11, 52.44]]",52.44,5.24,57.68
Alvarez PLC,85894,MICHAEL HATFIELD,001-173-873-8971x67039,"37010 Murillo Islands Apt. 822, Christinachester, MO 99116",10/02/2022,humphreytyler@example.net,"[[""Enterprise-wide exuding portal"", 4, 17.72, 70.88], [""Synergistic uniform budgetary management"", 5, 33.98, 169.9], [""Configurable bi-directional middleware"", 5, 67.16, 335.8]]",576.58,57.66,634.24
Little LLC,36763,TYLER WHEELER,562-208-3552x3684,"806 Wyatt Village, East Katelynshire, ID 53998",07/07/2020,lopezcharles@example.org,"[[""Diverse intermediate monitoring"", 5, 15.67, 78.35], [""Virtual client-driven open system"", 1, 69.52, 69.52], [""Extended global infrastructure"", 1, 11.19, 11.19], [""Future-proofed dedicated Graphic Interface"", 5, 56.89, 284.45]]",443.51,44.35,487.86
"Cooper, Morris and Johnson",66295,DANIELLE JOHNSON,(045)671-9257x04531,"369 Brian Shoals, Joshuaburgh, NJ 03371",09/11/2018,barnesjake@example.net,"[[""Ergonomic mission-critical standardization"", 2, 11.02, 22.04], [""Universal fresh-thinking concept"", 3, 53.63, 160.89], [""Fundamental encompassing success"", 4, 37.7, 150.8], [""Realigned stable moratorium"", 4, 60.82, 243.28]]",577.01,57.7,634.71
Warner LLC,48795,BRIANNA ALVARADO,676-780-4060x9986,"73081 Walker Plaza, Teresaview, AR 35588",25/01/2021,mariawallace@example.org,"[[""Exclusive bandwidth-monitored open architecture"", 2, 60.53, 121.06]]",121.06,12.11,133.17
Ford Inc,24154,JACK OWEN,542.005.1234x820,"939 James Village, New Connie, TX 92452",24/08/2019,josephthompson@example.org,"[[""Reverse-engineered responsive groupware"", 2, 39.33, 78.66], [""Secured coherent solution"", 1, 36.89, 36.89], [""Right-sized regional matrix"", 4, 23.06, 92.24], [""Versatile systematic system engine"", 4, 82.63, 330.52]]",538.31,53.83,592.14
"Coleman, Stephens and Anderson",67115,RICHARD MITCHELL,166-696-0546x899,"382 Mendoza Lodge, New Hannahfort, AS 71188",13/08/2018,igibbs@example.org,"[[""Right-sized responsive artificial intelligence"", 1, 55.92, 55.92], [""Cloned systemic approach"", 4, 96.0, 384.0]]",439.92,43.99,483.91
Wells Ltd,62165,KATHRYN CRUZ,(106)285-6582x90611,"115 Chad Islands, Port Daniel, WV 09263",22/04/2019,davisdaniel@example.net,"[[""Exclusive empowering moderator"", 2, 66.07, 132.14], [""Automated user-facing collaboration"", 1, 39.49, 39.49]]",171.63,17.16,188.79
Lopez-Leon,72590,DANIEL PETTY,825-900-3470,"7483 Cody Trace, Wilsonburgh, OH 54657",22/11/2019,jonesangela@example.com,"[[""Cloned 5thgeneration parallelism"", 1, 54.83, 54.83]]",54.83,5.48,60.31
Perez-Miller,89646,KATHRYN LIN,281.555.2634x6930,"3516 Marie Freeway Suite 236, Grayton, IN 06018",16/07/2018,millskyle@example.org,"[[""Multi-layered holistic flexibility"", 1, 38.74, 38.74], [""Polarized local encryption"", 3, 78.77, 236.31], [""Digitized didactic Graphic Interface"", 4, 44.09, 176.36]]",451.41,45.14,496.55
Rodriguez-Stone,40690,NICOLE STOUT,+1-441-259-6405x21195,"7606 Marshall Hills Apt. 039, Kristenville, CA 86382",24/10/2019,leeramirez@example.net,"[[""Customizable context-sensitive throughput"", 2, 85.91, 171.82], [""Compatible composite synergy"", 2, 61.69, 123.38], [""Compatible web-enabled toolset"", 2, 94.18, 188.36], [""Fundamental secondary concept"", 4, 46.08, 184.32], [""Triple-buffered system-worthy encoding"", 4, 53.11, 212.44]]",880.32,88.03,968.35
Hobbs Group,18142,DAWN MILLER,001-801-579-3127x72410,"52637 Johnson Vista Apt. 198, Joelborough, GA 17733",29/11/2018,brownedward@example.com,"[[""Adaptive holistic complexity"", 2, 97.94, 195.88], [""Virtual dedicated system engine"", 4, 90.69, 362.76]]",558.64,55.86,614.5
Hudson Group,38658,JASON COLEMAN,(453)754-8206x4401,"0756 Nichols Mountains, Gallegosborough, CT 79538",28/08/2019,dianegutierrez@example.com,"[[""Optimized exuding open system"", 5, 20.94, 104.7], [""Enterprise-wide impactful info-mediaries"", 3, 70.72, 212.16], [""Networked 5thgeneration product"", 1, 34.11, 34.11], [""Triple-buffered fresh-thinking capacity"", 1, 63.6, 63.6]]",414.57,41.46,456.03
Monroe Ltd,89484,ALEXANDER PERKINS,(520)678-8437x936,"PSC 2565, Box 4875, APO AE 66966",09/06/2020,guy89@example.com,"[[""Compatible needs-based website"", 2, 88.4, 176.8], [""Enhanced 6thgeneration open architecture"", 1, 92.01, 92.01]]",268.81,26.88,295.69
"Schmidt, Gutierrez and Williams",59704,SARAH MCFARLAND,001-887-250-8856,"16910 John Isle, Darleneborough, AK 77420",19/05/2019,webbdaniel@example.net,"[[""Streamlined client-driven installation"", 3, 22.42, 67.26], [""Implemented heuristic orchestration"", 4, 25.49, 101.96], [""Polarized asymmetric website"", 2, 94.74, 189.48], [""Programmable hybrid capacity"", 1, 72.8, 72.8], [""Self-enabling radical encoding"", 2, 21.99, 43.98]]",475.48,47.55,523.03
Peterson-Bell,69852,BRIANNA FRANCIS,(911)748-5955,"2545 Stewart Flats Apt. 064, Lake Robertburgh, TX 70673",11/02/2023,josephhoward@example.org,"[[""Vision-oriented fault-tolerant superstructure"", 3, 22.31, 66.93], [""Enterprise-wide actuating secured line"", 5, 25.16, 125.8], [""Synergized background initiative"", 3, 93.64, 280.92]]",473.65,47.37,521.02
Jones LLC,97884,CASSIDY COLLINS,135-097-4165x5796,"19925 Powell Bridge, Lake Keith, NJ 85721",09/02/2022,ramseythomas@example.com,"[[""Reactive web-enabled toolset"", 4, 57.28, 229.12]]",229.12,22.91,252.03
Winters-Butler,49301,PATRICIA HAYNES,(428)110-6135,"837 Ferguson Stravenue, Patricialand, NM 35120",26/11/2020,mcintoshchristian@example.net,"[[""Streamlined tertiary encryption"", 4, 69.11, 276.44]]",276.44,27.64,304.08
Diaz Group,73054,SHAWN WRIGHT,001-742-919-4106,"912 Wilson Prairie Suite 023, Raymouth, NY 23156",27/01/2022,benjamin85@example.net,"[[""Organic impactful portal"", 3, 81.06, 243.18], [""Re-engineered secondary knowledge user"", 5, 18.41, 92.05], [""Persistent well-modulated encoding"", 1, 62.23, 62.23], [""Quality-focused intangible initiative"", 1, 20.08, 20.08], [""Re-engineered national frame"", 1, 65.45, 65.45]]",482.99,48.3,531.29
"Smith, Martin and Wright",77610,TONYA ORTIZ,+1-174-056-2963,"PSC 3268, Box 7728, APO AA 43447",01/06/2020,wilkinsondale@example.net,"[[""Open-source coherent software"", 5, 66.83, 334.15], [""Enhanced multi-state strategy"", 4, 92.85, 371.4], [""Face-to-face value-added focus group"", 3, 10.88, 32.64]]",738.19,73.82,812.01
"Klein, Clark and Bowen",41894,GARY MUELLER,586-759-0994,"22001 Evans Crest, Brownberg, AK 09517",26/08/2019,victoriahanson@example.net,"[[""Quality-focused real-time circuit"", 5, 46.79, 233.95]]",233.95,23.39,257.34
Martinez-Curry,13642,THOMAS ADAMS,728-812-7106x96613,"72618 Tim Walks Suite 674, Port Sethland, NY 33496",26/07/2018,samuelmartin@example.com,"[[""Robust foreground budgetary management"", 5, 47.18, 235.9], [""Fundamental impactful instruction set"", 4, 73.49, 293.96], [""Ameliorated value-added knowledge user"", 1, 39.91, 39.91]]",569.77,56.98,626.75
"Valenzuela, Garcia and Hill",76834,JOAN STEVENS,815.897.4070,"28893 Alexander Plain Suite 611, Alexandraton, VT 58301",20/02/2023,barnettshawn@example.net,"[[""User-centric bi-directional superstructure"", 3, 11.94, 35.82]]",35.82,3.58,39.4
"White, Smith and Sutton",59152,TERESA SANCHEZ,770-595-7103,"5048 Cynthia Knolls, Caldwelltown, NC 39945",22/10/2018,dkelly@example.com,"[[""Automated dedicated function"", 4, 25.77, 103.08], [""Front-line zero tolerance product"", 2, 39.32, 78.64], [""Realigned even-keeled capability"", 4, 62.45, 249.8], [""Multi-layered radical hub"", 5, 24.16, 120.8], [""Multi-channeled empowering pricing structure"", 1, 75.31, 75.31]]",627.63,62.76,690.39
Morales Group,78930,ANA REED,813.587.2013x84280,"415 Tammy Road Apt. 316, New Kristy, TN 26011",17/12/2022,williamsroy@example.org,"[[""Fully-configurable local success"", 2, 56.49, 112.98], [""Face-to-face fault-tolerant approach"", 3, 11.61, 34.83]]",147.81,14.78,162.59
"Martinez, Johnston and Peterson",85039,DONNA LAMBERT,327-545-2721,"4617 Thomas Summit Suite 463, New Geoffrey, SD 31797",29/08/2020,alexandrafletcher@example.net,"[[""Advanced local access"", 5, 22.33, 111.65], [""Realigned well-modulated function"", 2, 69.21, 138.42], [""Intuitive executive Graphical User Interface"", 3, 25.0, 75.0]]",325.07,32.51,357.58
"Webb, Brown and Kramer",52740,JENNIFER GUERRERO,(505)577-3170,"3492 William Spring, Robertport, AZ 97730",29/07/2020,angelicaserrano@example.net,"[[""Visionary heuristic standardization"", 3, 90.31, 270.93]]",270.93,27.09,298.02
Taylor LLC,80554,AMANDA HORN,(021)391-2527x422,"03362 Cameron Stream, Dylanport, CA 20351",10/03/2022,jonescrystal@example.com,"[[""Fully-configurable upward-trending hierarchy"", 2, 91.66, 183.32], [""Switchable upward-trending adapter"", 2, 55.74, 111.48], [""Polarized discrete time-frame"", 3, 12.7, 38.1], [""Decentralized mobile implementation"", 4, 87.78, 351.12], [""Open-source background budgetary management"", 3, 51.37, 154.11]]",838.13,83.81,921.94
"King, Dodson and Carpenter",55922,DAVID FISHER,001-113-539-0845x571,"95964 Peters Loop Apt. 932, Sellersberg, TX 42400",26/04/2019,desiree45@example.org,"[[""Cross-group demand-driven solution"", 3, 39.56, 118.68], [""Inverse multimedia framework"", 5, 64.16, 320.8], [""Triple-buffered motivating instruction set"", 1, 94.52, 94.52], [""Balanced clear-thinking protocol"", 4, 37.12, 148.48]]",682.48,68.25,750.73
Cross Ltd,34034,CHRISTOPHER HERNANDEZ,(792)973-5357x4002,"08202 Ward Bridge, Wilsonton, ME 38710",20/05/2018,pbryant@example.net,"[[""Front-line incremental emulation"", 1, 76.56, 76.56], [""Virtual exuding application"", 5, 90.73, 453.65], [""Multi-channeled holistic middleware"", 2, 12.24, 24.48], [""Virtual systematic methodology"", 4, 14.13, 56.52]]",611.21,61.12,672.33
Willis-Jones,64302,MARIA DAVIS,3218685525,"46333 Colon Run Suite 100, Jacksonfort, WY 10557",03/01/2020,coledavidson@example.com,"[[""Ergonomic global solution"", 2, 80.12, 160.24]]",160.24,16.02,176.26
Gordon-Jackson,34044,BONNIE HARRIS,(915)555-1731x8839,"PSC 0635, Box 9520, APO AP 25735",22/10/2021,amandaporter@example.net,"[[""Managed system-worthy benchmark"", 3, 67.67, 203.01]]",203.01,20.3,223.31
"Rivera, Hodges and Boyer",84315,DR. COREY WILKINS,001-504-969-2230,"6016 David Stream, Sharonport, GU 96230",10/11/2021,tuckerronald@example.com,"[[""Business-focused 24hour support"", 1, 23.21, 23.21]]",23.21,2.32,25.53
"Weber, Elliott and Armstrong",59209,EVELYN JOHNSON,001-857-933-1081x71797,"USS King, FPO AP 49210",29/10/2019,jamesweeks@example.com,"[[""Synchronized modular conglomeration"", 4, 94.1, 376.4], [""Programmable bi-directional standardization"", 1, 86.66, 86.66], [""Customizable bandwidth-monitored data-warehouse"", 5, 34.67, 173.35], [""Multi-layered local capacity"", 2, 65.7, 131.4], [""Decentralized regional contingency"", 3, 14.64, 43.92]]",811.73,81.17,892.9
"Murray, Garcia and Holt",26520,JODI KIM,+1-724-684-0707x57584,"8905 Curtis Valley, South Jerryview, MD 37916",18/03/2019,smithmichelle@example.org,"[[""Progressive fresh-thinking projection"", 4, 56.35, 225.4], [""Synchronized tertiary forecast"", 2, 98.31, 196.62]]",422.02,42.2,464.22
Ramirez-Roberts,28132,ANGELA EVANS,+1-333-601-7460,"79439 Griffin Rapids, Kellyfort, AR 19775",04/10/2018,herreramary@example.net,"[[""Enterprise-wide client-server model"", 4, 64.22, 256.88]]",256.88,25.69,282.57
Bowers-Garcia,22053,MICHAEL SCOTT,316.941.1269x66987,"4799 Kimberly Street, West Zacharyhaven, GA 41095",24/04/2020,davispatrick@example.net,"[[""User-centric 24hour data-warehouse"", 2, 73.06, 146.12], [""Multi-tiered asynchronous throughput"", 4, 32.38, 129.52]]",275.64,27.56,303.2
Stanton-Foster,66643,ANTHONY MORALES,001-045-419-6567x33495,"86364 Howard Cape, Martinezstad, NC 38020",04/12/2022,tdiaz@example.com,"[[""Devolved optimizing architecture"", 3, 50.37, 151.11], [""Organized bottom-line protocol"", 1, 30.65, 30.65], [""Mandatory fresh-thinking firmware"", 5, 54.83, 274.15], [""Visionary 6thgeneration frame"", 4, 86.37, 345.48], [""Grass-roots radical definition"", 1, 27.41, 27.41]]",828.8,82.88,911.68
"Haynes, West and White",44119,KAREN DURAN,265-670-4151,"79227 Odonnell Courts Apt. 658, Hillton, AR 09379",14/06/2022,millercrystal@example.com,"[[""Public-key multimedia productivity"", 5, 60.57, 302.85], [""Persevering motivating policy"", 4, 70.28, 281.12], [""Robust homogeneous Graphic Interface"", 4, 25.59, 102.36], [""Streamlined actuating benchmark"", 5, 30.3, 151.5], [""Integrated directional hardware"", 5, 23.08, 115.4]]",953.23,95.32,1048.55
Garza Group,64094,BROOKE MOORE,(321)799-6578x54167,"55618 Edwards Knoll, Christopherfurt, ID 08829",25/08/2022,amyrivera@example.com,"[[""Horizontal non-volatile encryption"", 5, 17.42, 87.1], [""Total background database"", 2, 26.92, 53.84], [""Programmable multimedia ability"", 3, 68.23, 204.69], [""Robust client-server algorithm"", 2, 39.97, 79.94]]",425.57,42.56,468.13
Thompson LLC,30955,JUSTIN SMITH,(400)523-2880x24202,"6867 Scott Squares Suite 332, Tylerport, SC 59202",29/09/2020,stephen59@example.org,"[[""Reverse-engineered reciprocal process improvement"", 4, 72.18, 288.72], [""Ergonomic mission-critical emulation"", 4, 69.31, 277.24], [""Upgradable encompassing portal"", 1, 61.1, 61.1], [""Organized clear-thinking help-desk"", 1, 26.5, 26.5]]",653.56,65.36,718.92
"Calhoun, Love and Davis",66576,JORDAN WILSON,001-839-486-4230,"19839 Wade Loaf Suite 508, Clarkport, IA 82954",12/01/2023,gordon65@example.com,"[[""Pre-emptive user-facing infrastructure"", 3, 64.96, 194.88]]",194.88,19.49,214.37
Garcia LLC,71859,MAURICE MOORE,+1-763-078-6695x1092,"PSC 0547, Box 5614, APO AE 70791",21/08/2018,christina21@example.com,"[[""Open-architected eco-centric capability"", 5, 73.21, 366.05], [""Synergistic transitional secured line"", 2, 19.28, 38.56], [""Open-architected optimizing architecture"", 4, 40.84, 163.36], [""Networked upward-trending alliance"", 5, 80.86, 404.3]]",972.27,97.23,1069.5
"Chang, Parker and Mcmillan",54501,JASON BARRON,743-931-0085,"4867 Norman View, Bobbyhaven, WY 30648",20/07/2020,paulhood@example.com,"[[""Decentralized reciprocal toolset"", 5, 83.22, 416.1], [""Public-key web-enabled solution"", 3, 83.43, 250.29], [""Multi-tiered scalable capability"", 1, 70.3, 70.3], [""Assimilated modular complexity"", 1, 33.66, 33.66]]",770.35,77.04,847.39
Williams LLC,13239,ELIZABETH BATES,+1-857-469-8074x49318,"422 Mahoney Streets Suite 118, Nicoletown, MS 58475",03/11/2021,kristieburke@example.net,"[[""User-friendly incremental analyzer"", 3, 36.68, 110.04]]",110.04,11.0,121.04
Casey Ltd,61643,EMILY GARCIA,722.496.2112x68753,"0515 Tara Court, Lake Deborah, WV 33505",15/05/2018,freybrenda@example.org,"[[""Seamless clear-thinking parallelism"", 5, 47.14, 235.7], [""Reverse-engineered object-oriented capacity"", 5, 76.11, 380.55], [""Adaptive regional projection"", 5, 58.75, 293.75], [""Vision-oriented mobile pricing structure"", 5, 59.98, 299.9], [""Polarized demand-driven protocol"", 5, 44.48, 222.4]]",1432.3,143.23,1575.53
"Fleming, Ayala and Shepherd",20422,ROBERT KHAN,(525)278-6958,"836 Le Vista, Riverafort, OK 04974",25/02/2020,jessearnold@example.net,"[[""Pre-emptive zero-defect pricing structure"", 5, 25.53, 127.65], [""Reactive homogeneous help-desk"", 5, 56.41, 282.05], [""Function-based foreground hardware"", 4, 26.26, 105.04], [""User-centric hybrid migration"", 3, 71.18, 213.54]]",728.28,72.83,801.11
"Dalton, Gordon and Hamilton",40978,RENEE PEARSON,130.164.1587x1144,"4089 Turner Fields Suite 350, Maryshire, OK 57620",11/08/2019,valenciadanielle@example.org,"[[""Programmable solution-oriented protocol"", 4, 14.96, 59.84], [""Fundamental even-keeled definition"", 1, 84.96, 84.96], [""Business-focused optimizing task-force"", 3, 30.28, 90.84]]",235.64,23.56,259.2
"Hardy, Warner and Delgado",74226,JASON PRINCE,358.047.8515,"USCGC Grant, FPO AA 93647",19/03/2022,tyler72@example.com,"[[""Intuitive intermediate pricing structure"", 5, 44.31, 221.55], [""Decentralized mission-critical capacity"", 1, 93.27, 93.27], [""Open-architected upward-trending interface"", 1, 74.14, 74.14]]",388.96,38.9,427.86
Palmer Ltd,19096,EMILY WEAVER,001-771-649-9386x5425,"1568 Taylor Streets Apt. 264, South Christinatown, WI 45393",22/12/2020,pbaker@example.org,"[[""Synergistic mission-critical function"", 2, 28.9, 57.8], [""Customer-focused upward-trending firmware"", 5, 37.25, 186.25], [""Front-line cohesive hardware"", 4, 32.66, 130.64], [""Phased context-sensitive implementation"", 2, 46.07, 92.14]]",466.83,46.68,513.51
Roberts-Cooke,43224,CHARLES DAVIS,(570)027-7381x84108,"1720 Hooper Crescent, Dawnmouth, MO 42681",23/07/2022,terri72@example.com,"[[""Implemented global archive"", 3, 78.0, 234.0], [""Polarized 24/7 flexibility"", 4, 34.64, 138.56], [""Configurable real-time pricing structure"", 4, 58.29, 233.16]]",605.72,60.57,666.29
Mitchell Inc,30100,KATHLEEN HERNANDEZ,0240364678,"0146 Carroll Causeway, Bellberg, PA 15905",30/05/2021,jennawallace@example.com,"[[""Team-oriented national archive"", 5, 51.47, 257.35], [""Automated bifurcated data-warehouse"", 5, 77.09, 385.45], [""Profound directional Internet solution"", 1, 18.44, 18.44], [""Profit-focused intangible contingency"", 4, 67.65, 270.6], [""Networked real-time core"", 3, 79.74, 239.22]]",1171.06,117.11,1288.17
Rivera-Johnson,22516,LISA DELACRUZ,+1-672-083-8179x5247,"5691 Diana Meadows, West Todd, PA 06565",25/01/2019,howard92@example.org,"[[""Switchable systematic monitoring"", 2, 75.8, 151.6], [""Ameliorated contextually-based superstructure"", 1, 71.63, 71.63]]",223.23,22.32,245.55
Kim-Carter,21827,MICHELLE BARBER,+1-284-935-6413,"765 King Orchard Suite 389, West Joan, TN 25152",04/04/2020,medinarandall@example.org,"[[""Advanced static leverage"", 5, 57.09, 285.45], [""Implemented 6thgeneration orchestration"", 3, 35.31, 105.93], [""Horizontal bandwidth-monitored focus group"", 2, 82.46, 164.92], [""Polarized directional function"", 4, 34.09, 136.36], [""Function-based empowering productivity"", 5, 64.31, 321.55]]",1014.21,101.42,1115.63
Williams PLC,36441,ROBERT WALKER,660-655-9742,"38106 Tracy Plains, Jennifertown, OK 03251",09/08/2022,heatherhaynes@example.org,"[[""Reactive bottom-line workforce"", 3, 22.06, 66.18], [""Open-source attitude-oriented synergy"", 3, 34.77, 104.31]]",170.49,17.05,187.54
Mckinney-Barrera,79965,DEREK ARELLANO,429.707.3589x426,"19564 Gina Square Suite 329, Carlosview, AK 60292",21/08/2021,josephwang@example.com,"[[""Open-source dedicated complexity"", 4, 50.8, 203.2], [""Exclusive context-sensitive Local Area Network"", 4, 10.34, 41.36], [""Organic dedicated benchmark"", 3, 61.66, 184.98], [""Assimilated actuating hardware"", 4, 72.89, 291.56]]",721.1,72.11,793.21
Velez Ltd,11852,CARRIE HENSON,382.436.1288x05768,"051 Michael Spurs Suite 401, Lake Jonathanhaven, VI 57470",05/02/2020,derek74@example.net,"[[""Reduced client-driven Local Area Network"", 3, 66.67, 200.01], [""Centralized exuding knowledge user"", 3, 25.94, 77.82], [""Organized bottom-line benchmark"", 2, 71.91, 143.82], [""Integrated tertiary methodology"", 1, 72.03, 72.03], [""Inverse solution-oriented forecast"", 3, 66.66, 199.98]]",693.66,69.37,763.03
"Murphy, Martin and Johnson",51955,ADAM WEBB,646-901-7379x9910,"7838 Ashley Spring, West Heather, MO 40456",11/07/2018,ilarsen@example.org,"[[""Object-based 5thgeneration forecast"", 2, 48.19, 96.38], [""Universal mission-critical collaboration"", 5, 67.79, 338.95], [""Progressive 6thgeneration installation"", 4, 19.91, 79.64], [""Reverse-engineered uniform intranet"", 3, 85.57, 256.71]]",771.68,77.17,848.85
Chase-Tucker,87117,JOSEPH SCOTT,001-834-392-8149x847,"8362 Williams Tunnel, New Donaldfurt, NJ 48162",07/12/2021,christopher26@example.org,"[[""Inverse fresh-thinking workforce"", 2, 88.2, 176.4], [""Managed tangible toolset"", 4, 44.53, 178.12], [""Reactive national capacity"", 3, 87.39, 262.17], [""Assimilated demand-driven benchmark"", 4, 47.07, 188.28], [""Organic disintermediate array"", 4, 25.98, 103.92]]",908.89,90.89,999.78
Moyer Ltd,81972,AMY SIMMONS,4261391716,"01635 Stephen Fort Apt. 420, Lake Bryan, AZ 65836",03/05/2018,danny41@example.org,"[[""De-engineered coherent parallelism"", 4, 97.36, 389.44], [""Re-contextualized directional open system"", 3, 45.47, 136.41], [""Horizontal zero-defect middleware"", 3, 32.34, 97.02]]",622.87,62.29,685.16
Krause-Wheeler,88381,LAUREN HUNTER,985-988-8034,"0407 Pratt Course Suite 085, North Gregory, VI 44876",28/06/2020,zachary27@example.net,"[[""Vision-oriented systematic interface"", 5, 16.44, 82.2], [""Distributed user-facing moderator"", 5, 34.83, 174.15], [""De-engineered 24hour secured line"", 1, 36.44, 36.44], [""Cross-platform static open system"", 1, 80.84, 80.84]]",373.63,37.36,410.99
"Lewis, Sanders and Mcintosh",35322,MELVIN THOMPSON,(092)324-7451,"89789 Bryan Center Apt. 996, South Carlos, NE 10435",11/07/2019,hillyolanda@example.com,"[[""Balanced non-volatile projection"", 4, 73.65, 294.6], [""Ameliorated even-keeled encryption"", 2, 34.3, 68.6], [""Automated reciprocal task-force"", 5, 57.75, 288.75], [""Team-oriented fresh-thinking hierarchy"", 4, 99.21, 396.84]]",1048.79,104.88,1153.67
Williams-Lutz,79415,RYAN RODRIGUEZ,631-788-2941,"67245 Coleman Mountains Apt. 053, Rodriguezberg, MP 13854",29/07/2018,petersonbrent@example.org,"[[""Focused disintermediate implementation"", 2, 71.06, 142.12], [""Universal mission-critical encryption"", 2, 44.67, 89.34], [""Programmable neutral support"", 1, 79.38, 79.38], [""Balanced upward-trending leverage"", 2, 47.52, 95.04]]",405.88,40.59,446.47
Potts LLC,85365,ALEXANDER TAPIA,361.362.2578,"0009 Lyons Row, Cassandrafurt, IA 55643",20/03/2022,michaelhill@example.com,"[[""Assimilated mobile pricing structure"", 5, 88.74, 443.7], [""Down-sized upward-trending challenge"", 1, 85.54, 85.54], [""Innovative actuating model"", 2, 93.35, 186.7]]",715.94,71.59,787.53
"Brooks, Williams and Lewis",98017,BRETT GREEN,0531842590,"28117 Johnson Place Apt. 162, Pamelaview, AS 37981",07/07/2019,fpatel@example.net,"[[""Advanced high-level emulation"", 3, 69.74, 209.22], [""Ameliorated solution-oriented orchestration"", 4, 60.97, 243.88], [""Advanced static workforce"", 4, 53.41, 213.64], [""Reactive multimedia hierarchy"", 3, 81.07, 243.21]]",909.95,91.0,1000.95
Nelson-Allen,12255,KENNETH PITTS,328.060.8154x414,"5206 Thomas Mews Apt. 014, West Kimberly, LA 49145",01/12/2021,kayla17@example.net,"[[""Customer-focused intangible website"", 3, 47.95, 143.85], [""Quality-focused leadingedge time-frame"", 5, 68.37, 341.85], [""Seamless executive projection"", 2, 75.43, 150.86], [""Automated demand-driven analyzer"", 2, 22.3, 44.6], [""Devolved uniform parallelism"", 5, 81.43, 407.15]]",1088.31,108.83,1197.14
Grant PLC,55404,CHARLES AYERS,+1-467-665-7385x726,"945 Lester Knoll Apt. 311, Millerville, MD 55706",05/09/2021,debbieshah@example.net,"[[""Visionary zero-defect standardization"", 5, 90.55, 452.75], [""Ergonomic real-time strategy"", 4, 88.34, 353.36], [""Down-sized dedicated data-warehouse"", 5, 43.64, 218.2]]",1024.31,102.43,1126.74
"Bradley, Rogers and Coleman",37659,ROBERT COOK,319-594-8859,"Unit 6300 Box 0743, DPO AP 77915",24/09/2018,sherrysandoval@example.com,"[[""Open-architected value-added Graphic Interface"", 1, 45.21, 45.21], [""Organized zero tolerance model"", 4, 20.59, 82.36], [""Phased bandwidth-monitored contingency"", 4, 81.68, 326.72]]",454.29,45.43,499.72
Hayes PLC,67926,MONICA ANDERSON,(954)328-5665x522,"09529 King Squares, Jonesmouth, IA 77395",04/05/2022,kaitlyn97@example.org,"[[""User-friendly incremental toolset"", 1, 92.97, 92.97], [""Fully-configurable client-server synergy"", 2, 90.65, 181.3]]",274.27,27.43,301.7
Brooks and Sons,12293,BRITTNEY HUGHES,001-135-801-0122,"5541 Eaton Creek, South Jeffrey, AR 59586",01/02/2020,laurieramirez@example.net,"[[""Implemented 3rdgeneration instruction set"", 5, 24.79, 123.95]]",123.95,12.4,136.35
Wagner Inc,70827,DEAN OCONNOR,(941)794-1422x2171,"377 Gibson Ridge, Torresfurt, LA 38717",22/10/2021,amber09@example.com,"[[""Compatible tangible frame"", 4, 65.91, 263.64], [""User-centric bi-directional support"", 2, 92.39, 184.78], [""Front-line multi-tasking analyzer"", 5, 97.9, 489.5]]",937.92,93.79,1031.71
"Neal, Hurst and Bennett",26525,WILLIAM YU,430-407-0052,"9194 Courtney Avenue Suite 770, South Cheryl, ME 32881",11/11/2022,kaitlynhunt@example.com,"[[""Persistent 5thgeneration time-frame"", 1, 29.56, 29.56], [""Robust holistic encoding"", 3, 97.93, 293.79], [""Operative eco-centric hierarchy"", 5, 45.15, 225.75]]",549.1,54.91,604.01
Martinez-Gardner,57639,TYRONE KELLER,001-269-752-8110x158,"2664 Michelle Bridge, South William, HI 32882",26/10/2021,millertanner@example.com,"[[""Public-key clear-thinking projection"", 1, 74.98, 74.98], [""Devolved maximized Internet solution"", 1, 21.17, 21.17], [""Synergistic 24/7 capability"", 2, 39.01, 78.02]]",174.17,17.42,191.59
Brown-Hogan,23860,DAVID DAVIS,+1-148-272-7228,"6739 Davis Ranch, West Ellen, CA 17752",15/01/2019,victoriajackson@example.com,"[[""Inverse web-enabled capability"", 3, 58.11, 174.33]]",174.33,17.43,191.76
"Lopez, Dodson and Campbell",10004,MICHAEL LOPEZ,086.105.0798,"Unit 4785 Box 0104, DPO AP 19550",09/09/2018,egonzalez@example.com,"[[""Enhanced multi-state interface"", 2, 96.61, 193.22], [""Focused bifurcated frame"", 2, 90.5, 181.0]]",374.22,37.42,411.64
Kelley LLC,18751,LISA SCOTT,923.730.4296x51847,"8833 Anderson Fords Suite 918, East Mitchell, TX 09517",22/02/2021,pgaines@example.org,"[[""Ameliorated asynchronous Internet solution"", 3, 81.94, 245.82], [""Optional full-range firmware"", 3, 93.54, 280.62], [""Advanced executive algorithm"", 4, 56.77, 227.08], [""User-friendly next generation database"", 1, 47.65, 47.65]]",801.17,80.12,881.29
"Green, Green and Anderson",23322,DIANA PARRISH,991-681-6060,"63371 Kevin Hills Apt. 344, Michaelberg, WI 90023",02/05/2019,henrykatherine@example.org,"[[""User-friendly mission-critical emulation"", 4, 46.12, 184.48], [""Streamlined scalable framework"", 1, 94.19, 94.19], [""Diverse foreground array"", 3, 38.97, 116.91]]",395.58,39.56,435.14
"Lewis, Romero and Morrow",40076,JAMES LOZANO,275.522.0622,"7190 Miller Curve Apt. 248, West Shannon, MH 95361",14/09/2021,autumn60@example.com,"[[""Profit-focused heuristic time-frame"", 4, 25.42, 101.68]]",101.68,10.17,111.85
Strong-Hunter,10717,TINA KELLY,001-643-561-5258x2049,"937 Pacheco Parks Suite 680, East Michaelstad, NY 06782",17/05/2021,nlynch@example.net,"[[""Self-enabling intangible implementation"", 5, 41.95, 209.75], [""Synergistic zero tolerance benchmark"", 1, 46.56, 46.56], [""Distributed fresh-thinking Graphic Interface"", 2, 20.42, 40.84]]",297.15,29.71,326.86
James-Ward,60976,PAIGE WILSON,076.165.0388,"6631 Gray Ridge, Loweside, CO 08859",07/04/2021,ashleyhenson@example.com,"[[""Multi-tiered high-level task-force"", 1, 98.03, 98.03], [""Programmable regional standardization"", 3, 76.49, 229.47], [""Grass-roots national superstructure"", 3, 71.64, 214.92]]",542.42,54.24,596.66
"Tate, Sanford and Franklin",75532,LISA COLLINS,(561)313-8113,"974 David River, East Stephenfort, KS 61797",14/10/2019,jasonmichael@example.net,"[[""Digitized mobile system engine"", 2, 49.6, 99.2], [""Vision-oriented coherent leverage"", 4, 19.86, 79.44]]",178.64,17.86,196.5
"Wilcox, Gibson and Phillips",54444,GARY RICHARDS,221.708.5855,"9374 White Wall, East Kathymouth, CO 32352",13/10/2020,wcastillo@example.org,"[[""Realigned holistic complexity"", 4, 82.04, 328.16], [""Centralized user-facing circuit"", 4, 20.55, 82.2], [""Innovative stable encoding"", 4, 68.02, 272.08], [""Open-architected static database"", 3, 40.03, 120.09], [""Proactive 6thgeneration model"", 5, 93.12, 465.6]]",1268.13,126.81,1394.94
Johnson Group,39614,JEFFREY MONROE,981.963.4260x230,"02553 Jackson Union, East Kelseyburgh, RI 68411",15/10/2020,brandon97@example.com,"[[""Organized full-range ability"", 3, 90.36, 271.08], [""Enterprise-wide disintermediate artificial intelligence"", 5, 81.31, 406.55], [""Advanced 6thgeneration migration"", 3, 13.61, 40.83], [""Integrated asymmetric throughput"", 4, 92.99, 371.96], [""Customizable asynchronous access"", 4, 95.97, 383.88]]",1474.3,147.43,1621.73
Duncan-Vang,40959,DAVID GONZALEZ,207-982-2552x354,"86033 Shannon Highway Apt. 057, Williamston, WV 91372",16/06/2021,hroach@example.net,"[[""Pre-emptive stable paradigm"", 2, 25.98, 51.96], [""Intuitive next generation structure"", 3, 47.95, 143.85], [""Total empowering support"", 1, 19.11, 19.11]]",214.92,21.49,236.41
"Cisneros, Garcia and Ellis",65402,JARED KELLY,(764)167-0596x0047,"0216 Schaefer Green Apt. 146, Port Richardport, SD 31381",06/12/2021,michaelwright@example.com,"[[""Virtual exuding open system"", 5, 95.28, 476.4], [""Profit-focused non-volatile structure"", 5, 69.04, 345.2], [""Future-proofed fresh-thinking help-desk"", 2, 11.65, 23.3]]",844.9,84.49,929.39
Chapman-Ray,40141,ASHLEY PATRICK,(915)043-1136x479,"4054 Victoria Harbor Apt. 304, Brandonburgh, PW 77252",17/01/2023,cannonrandy@example.org,"[[""Re-contextualized value-added help-desk"", 3, 46.35, 139.05], [""Down-sized even-keeled methodology"", 5, 51.78, 258.9], [""Down-sized neutral paradigm"", 2, 65.24, 130.48]]",528.43,52.84,581.27
"Costa, Nelson and Murillo",48228,LAURA MCDANIEL,576.446.2703x71837,"43398 Dunn Roads Apt. 686, East Nicholas, AZ 90988",26/09/2020,katherineclark@example.org,"[[""Re-engineered foreground middleware"", 4, 35.83, 143.32], [""Secured fresh-thinking website"", 5, 47.83, 239.15], [""Pre-emptive 24hour solution"", 5, 60.91, 304.55], [""Multi-lateral context-sensitive structure"", 1, 55.59, 55.59]]",742.61,74.26,816.87
Jones PLC,98492,TROY WILLIAMS,119.520.5825,"145 Perkins Row Apt. 230, North Arthur, VT 03370",09/03/2020,hdelgado@example.net,"[[""Extended motivating forecast"", 3, 82.44, 247.32], [""Organic empowering toolset"", 2, 77.35, 154.7]]",402.02,40.2,442.22
Stewart Group,44003,ALLISON JOHNSON,3774423987,"7263 Bianca Islands, Woodmouth, NJ 56909",06/01/2020,amy91@example.com,"[[""Distributed executive access"", 2, 87.9, 175.8], [""Multi-channeled client-driven system engine"", 3, 78.98, 236.94], [""Robust user-facing leverage"", 4, 80.87, 323.48], [""Future-proofed zero tolerance system engine"", 1, 38.97, 38.97]]",775.19,77.52,852.71
Bennett-Franco,89897,JEANNE GORDON,863.552.7419x172,"USCGC Smith, FPO AE 50341",28/02/2020,rbutler@example.com,"[[""Configurable real-time alliance"", 3, 83.03, 249.09], [""Ergonomic zero-defect pricing structure"", 2, 31.45, 62.9]]",311.99,31.2,343.19
"Ray, Knox and Clark",52863,DR. CLINTON PARKER,3417281137,"87768 Jessica Bridge Apt. 992, Gilbertstad, TN 20173",14/07/2018,kimberlysparks@example.com,"[[""Fully-configurable 3rdgeneration data-warehouse"", 2, 96.93, 193.86]]",193.86,19.39,213.25
Patterson-Jordan,36400,JESSICA SANCHEZ,(912)628-3157,"65292 Michael Way, North Heather, UT 24520",01/12/2020,droberts@example.net,"[[""Expanded context-sensitive strategy"", 3, 85.79, 257.37], [""Self-enabling radical time-frame"", 4, 22.24, 88.96], [""Intuitive exuding toolset"", 3, 12.5, 37.5], [""Phased neutral knowledgebase"", 4, 11.21, 44.84]]",428.67,42.87,471.54
Hill LLC,38938,JORDAN WEBB,830-967-4472x655,"087 Pineda Villages, Archerbury, MN 97824",09/08/2018,christopherle@example.org,"[[""Distributed 3rdgeneration task-force"", 4, 25.41, 101.64], [""Streamlined demand-driven time-frame"", 2, 43.83, 87.66], [""Monitored bifurcated methodology"", 4, 68.6, 274.4]]",463.7,46.37,510.07
Thompson-Ross,41769,ELIZABETH DAVIS,001-353-120-1244x1798,"63194 Nelson Passage, Mcdonaldberg, VI 17035",17/06/2020,murraystacey@example.org,"[[""Team-oriented object-oriented hierarchy"", 2, 52.5, 105.0], [""Realigned coherent open architecture"", 4, 99.6, 398.4]]",503.4,50.34,553.74
Freeman-Todd,37133,AARON SCHWARTZ,441.938.1655x82716,"Unit 3840 Box 8266, DPO AP 19139",12/08/2021,yjones@example.com,"[[""Distributed heuristic project"", 3, 47.02, 141.06], [""Cloned tertiary core"", 4, 63.98, 255.92], [""Extended regional customer loyalty"", 1, 40.05, 40.05]]",437.03,43.7,480.73
"Clark, Alexander and Lin",19601,JESSICA HALL,873.199.2278,"PSC 2149, Box 6966, APO AA 69684",25/10/2020,lesliethompson@example.net,"[[""Customizable attitude-oriented complexity"", 2, 73.29, 146.58], [""Automated uniform function"", 4, 86.05, 344.2], [""Triple-buffered maximized access"", 4, 15.41, 61.64]]",552.42,55.24,607.66
Noble Group,86450,SAMUEL ELLIS,908.563.0617,"22507 Castro Lakes Suite 172, Haroldview, MI 59656",23/07/2018,clarkjessica@example.net,"[[""Programmable multimedia service-desk"", 1, 67.22, 67.22], [""Upgradable 24/7 alliance"", 5, 52.27, 261.35], [""Cloned responsive success"", 4, 70.38, 281.52], [""Innovative tertiary software"", 5, 92.17, 460.85]]",1070.94,107.09,1178.03
Taylor-Pierce,65704,CHERYL LEE,(513)954-0154,"7796 Benjamin Common, Sherriville, MT 46833",23/03/2020,taylorderek@example.com,"[[""Enhanced local solution"", 5, 59.81, 299.05], [""Customer-focused holistic migration"", 4, 51.19, 204.76], [""Diverse leadingedge model"", 1, 76.66, 76.66], [""Optimized full-range adapter"", 5, 43.55, 217.75], [""Persevering intangible website"", 3, 31.29, 93.87]]",892.09,89.21,981.3
"Todd, Rodriguez and Cooper",65486,VERONICA SPARKS,8071531832,"2075 Christopher Courts Apt. 581, Campbellmouth, WY 79986",27/10/2018,barbara82@example.net,"[[""Open-architected content-based project"", 5, 43.79, 218.95], [""Open-source motivating challenge"", 2, 38.08, 76.16], [""Operative transitional initiative"", 1, 35.6, 35.6], [""Visionary web-enabled definition"", 2, 37.98, 75.96], [""Synergized empowering definition"", 1, 12.59, 12.59]]",419.26,41.93,461.19
Mcgee Ltd,65832,MARY VEGA,764.265.0812,"1280 Olson Neck Suite 162, South Saraberg, MD 66390",03/01/2021,mandersen@example.org,"[[""Networked 5thgeneration firmware"", 4, 78.07, 312.28], [""Optimized web-enabled protocol"", 4, 60.67, 242.68], [""Front-line non-volatile Local Area Network"", 2, 67.03, 134.06], [""Realigned heuristic alliance"", 5, 58.43, 292.15], [""Balanced hybrid functionalities"", 3, 85.28, 255.84]]",1237.01,123.7,1360.71
Ray LLC,76893,DENNIS THORNTON,001-137-041-4142x96452,"USNV Wright, FPO AP 39600",09/06/2020,ijohnson@example.org,"[[""Pre-emptive bottom-line complexity"", 4, 50.75, 203.0], [""Reactive scalable paradigm"", 1, 34.57, 34.57], [""Multi-channeled exuding function"", 2, 88.17, 176.34], [""Versatile asynchronous throughput"", 2, 16.56, 33.12], [""Grass-roots optimal toolset"", 3, 39.52, 118.56]]",565.59,56.56,622.15
"Bradley, Martinez and Murillo",51075,KEVIN HILL,149.568.8783x7255,"USS Martinez, FPO AP 85652",30/04/2019,ckhan@example.net,"[[""Assimilated empowering hardware"", 3, 94.71, 284.13], [""Operative attitude-oriented groupware"", 2, 65.1, 130.2]]",414.33,41.43,455.76
White LLC,57359,ADRIAN WRIGHT,001-386-165-4925x116,"93653 Galloway Mews Suite 325, West Jessica, AS 61249",05/03/2023,morriscarlos@example.com,"[[""Switchable contextually-based contingency"", 4, 36.5, 146.0], [""Phased bifurcated database"", 2, 18.88, 37.76]]",183.76,18.38,202.14
Goodman and Sons,65153,JOSE THOMAS,9279722070,"31379 Emily Plain, New Samuelland, GA 27383",17/05/2019,riceemma@example.com,"[[""Fully-configurable real-time standardization"", 1, 34.48, 34.48], [""Distributed eco-centric workforce"", 5, 83.36, 416.8], [""User-centric coherent paradigm"", 1, 31.44, 31.44], [""Implemented tangible methodology"", 1, 28.81, 28.81], [""Polarized non-volatile archive"", 4, 25.37, 101.48]]",613.01,61.3,674.31
Lawson-Smith,89515,TIMOTHY CAMPBELL,282.897.3004x4301,"32961 Bruce Trace Suite 586, Aliciaview, SD 69537",09/10/2021,emma97@example.org,"[[""Decentralized multimedia parallelism"", 2, 87.11, 174.22], [""Mandatory analyzing concept"", 3, 93.51, 280.53], [""Seamless content-based functionalities"", 1, 60.49, 60.49], [""Organic 4thgeneration service-desk"", 3, 31.34, 94.02], [""Multi-channeled content-based focus group"", 1, 76.93, 76.93]]",686.19,68.62,754.81
Blackburn Group,54665,ERIC VELAZQUEZ,700-595-9359x39503,"4854 Johnny Port, West Shane, KS 20475",04/06/2018,yhorne@example.net,"[[""Automated actuating alliance"", 5, 58.71, 293.55], [""Inverse contextually-based concept"", 5, 53.55, 267.75], [""User-centric intermediate secured line"", 5, 24.94, 124.7], [""Expanded background hub"", 4, 70.76, 283.04]]",969.04,96.9,1065.94
"Massey, Johnson and Johnson",99975,CAROLINE SNYDER,012-933-6121x186,"4766 Cline Court Apt. 056, Heatherburgh, MI 94171",05/02/2023,kerry96@example.com,"[[""Streamlined local toolset"", 3, 22.04, 66.12], [""Networked static budgetary management"", 5, 42.23, 211.15], [""Centralized radical focus group"", 2, 82.98, 165.96], [""Proactive well-modulated budgetary management"", 4, 98.89, 395.56], [""Extended client-server project"", 1, 19.79, 19.79]]",858.58,85.86,944.44
Davis-Robinson,37556,MARK JONES,(363)837-6993x835,"Unit 1318 Box 1836, DPO AA 99665",09/10/2018,amy36@example.net,"[[""Grass-roots disintermediate process improvement"", 4, 25.33, 101.32], [""Persistent zero tolerance neural-net"", 5, 42.77, 213.85], [""Exclusive human-resource parallelism"", 4, 63.16, 252.64], [""Optional solution-oriented project"", 2, 11.0, 22.0]]",589.81,58.98,648.79
"Williamson, Smith and Johnson",35635,TODD GRANT,4393903196,"358 George Ferry Apt. 964, Pamelaberg, IA 59898",19/02/2019,taylorrobert@example.com,"[[""Distributed directional utilization"", 4, 71.91, 287.64]]",287.64,28.76,316.4
"Smith, Benjamin and Duncan",43628,DAVID JOSEPH,127.086.1963,"35580 Brian Pine Suite 680, Lake Jasonmouth, TN 48113",21/02/2020,charleshoward@example.net,"[[""Optional 24/7 ability"", 3, 68.65, 205.95], [""Inverse modular productivity"", 4, 34.05, 136.2], [""Switchable composite budgetary management"", 4, 22.01, 88.04], [""Grass-roots attitude-oriented parallelism"", 4, 20.96, 83.84]]",514.03,51.4,565.43
Carter-Banks,97299,MATTHEW WAGNER,428-826-1457,"6139 Martha Ridges Apt. 954, Priceland, CT 02737",20/02/2022,kristine44@example.net,"[[""Profound local challenge"", 1, 72.7, 72.7]]",72.7,7.27,79.97
Cruz-Mejia,74395,ALEX ELLIOTT,001-879-439-1688x0435,"563 Cathy Spring Apt. 435, Port Thomas, NH 41589",18/09/2021,jason91@example.com,"[[""Networked motivating software"", 2, 15.62, 31.24], [""Cross-group value-added function"", 2, 79.74, 159.48], [""Open-architected attitude-oriented website"", 4, 18.46, 73.84]]",264.56,26.46,291.02
"Bennett, Wilson and Mcgee",50051,KELSEY HALL,001-612-449-6418x423,"6512 Jared Parkways, Port Paula, KY 12798",31/01/2019,hamiltongeorge@example.com,"[[""Advanced radical workforce"", 5, 18.12, 90.6], [""Intuitive value-added benchmark"", 2, 58.08, 116.16]]",206.76,20.68,227.44
Edwards-Smith,97701,LESLIE BROWN,001-343-582-9298,"50306 Connor Island Suite 557, New Christinabury, ND 84426",29/04/2018,hpatel@example.net,"[[""Multi-lateral empowering capacity"", 4, 82.38, 329.52]]",329.52,32.95,362.47
"Turner, Jones and Thomas",96707,LEONARD HART,001-678-452-7020,"762 Jessica Walks Apt. 788, Robertsonland, ND 65489",13/10/2021,timothy35@example.net,"[[""Extended impactful array"", 3, 77.22, 231.66]]",231.66,23.17,254.83
Watson-Rodriguez,46490,NICHOLAS MCCOY,001-310-952-5082,"38289 James Crescent, Rodriguezmouth, UT 22322",28/02/2019,zmiller@example.org,"[[""Universal multi-tasking challenge"", 1, 36.88, 36.88], [""Virtual zero tolerance moratorium"", 4, 77.52, 310.08], [""Virtual foreground contingency"", 5, 13.19, 65.95], [""Fundamental demand-driven process improvement"", 4, 76.48, 305.92], [""Configurable web-enabled model"", 3, 25.62, 76.86]]",795.69,79.57,875.26
Robinson-Campbell,76036,TODD LOPEZ,9137299274,"0453 Johnson Lock, Trevinoland, SD 17331",31/12/2018,john54@example.org,"[[""Re-contextualized bi-directional process improvement"", 5, 82.19, 410.95], [""Persevering radical extranet"", 2, 67.33, 134.66], [""Ameliorated user-facing methodology"", 3, 35.98, 107.94], [""Exclusive multi-tasking hub"", 5, 58.04, 290.2]]",943.75,94.38,1038.13
Lyons-Ramos,65257,SEAN FRANCO,001-776-060-8527,"75993 Duncan Summit, Burnsberg, PA 35460",03/07/2021,andrewgibson@example.org,"[[""Expanded secondary workforce"", 1, 53.51, 53.51], [""Mandatory 6thgeneration implementation"", 4, 10.72, 42.88], [""Total background policy"", 1, 73.02, 73.02], [""Profit-focused grid-enabled success"", 2, 51.91, 103.82]]",273.23,27.32,300.55
"Ray, Gomez and Johnston",62729,AMANDA PERRY,(765)171-3207x554,"8946 Baker Springs, Port Staceyhaven, TN 32747",27/12/2018,idoyle@example.org,"[[""Mandatory encompassing product"", 2, 39.56, 79.12], [""Implemented interactive time-frame"", 1, 35.1, 35.1], [""Down-sized interactive installation"", 2, 85.83, 171.66], [""Exclusive motivating pricing structure"", 5, 48.1, 240.5], [""Cloned executive initiative"", 5, 37.68, 188.4]]",714.78,71.48,786.26
"Morgan, Peterson and Vargas",56169,JENNIFER GALVAN,(711)480-4744x270,"1334 Rivera Court Apt. 558, Derrickland, PR 66453",06/11/2018,vsmith@example.net,"[[""Decentralized background concept"", 3, 17.3, 51.9], [""Vision-oriented tangible secured line"", 3, 59.88, 179.64]]",231.54,23.15,254.69
"Taylor, Rodriguez and Carlson",53101,ROBERT UNDERWOOD,001-061-366-6081x2593,"PSC 3242, Box 3176, APO AA 24244",25/09/2019,alexandermyers@example.com,"[[""Proactive cohesive middleware"", 4, 35.1, 140.4], [""Cloned national circuit"", 1, 42.62, 42.62], [""Extended global archive"", 4, 42.29, 169.16], [""Multi-tiered interactive structure"", 5, 56.11, 280.55]]",632.73,63.27,696.0
Moreno-Lucas,30061,STEVEN HENRY,7055576000,"92729 Eric Square, Danielport, FL 49884",29/10/2019,scottrichards@example.com,"[[""Compatible tertiary interface"", 5, 25.24, 126.2], [""Multi-lateral web-enabled artificial intelligence"", 2, 75.44, 150.88], [""Assimilated impactful knowledge user"", 4, 81.24, 324.96]]",602.04,60.2,662.24
"Wright, Morton and Harris",73745,JOSHUA RODGERS,001-007-550-7260x597,"69612 Kent Avenue, South Robertstad, MO 40776",27/04/2018,natalie27@example.com,"[[""Face-to-face intangible focus group"", 1, 82.42, 82.42]]",82.42,8.24,90.66
Harper-Allen,73280,DEREK RODRIGUEZ,637.053.3507x139,"59554 Karen Junction Apt. 910, Sharpside, ND 35240",26/01/2022,fjones@example.net,"[[""Visionary scalable parallelism"", 5, 68.11, 340.55], [""Up-sized mobile flexibility"", 1, 61.0, 61.0]]",401.55,40.16,441.71
Stevens Group,16737,EVELYN MOLINA MD,587-736-2967x36161,"94850 Johnathan Springs Suite 838, Jonathanville, ME 80648",20/11/2021,rhondabowman@example.org,"[[""Reverse-engineered fresh-thinking matrices"", 1, 78.37, 78.37], [""Customizable real-time initiative"", 5, 31.5, 157.5], [""Managed zero tolerance capability"", 1, 66.96, 66.96], [""Networked bifurcated database"", 5, 60.85, 304.25]]",607.08,60.71,667.79
Andrews Group,11194,JOSEPH DAVIS,(923)508-7830x05963,"20633 Carolyn Terrace, West Natashaberg, WY 78347",09/12/2022,brianfields@example.org,"[[""Cloned intermediate synergy"", 5, 41.02, 205.1], [""Sharable client-driven hierarchy"", 5, 20.97, 104.85], [""Intuitive zero administration implementation"", 1, 22.3, 22.3], [""Distributed neutral forecast"", 4, 20.68, 82.72], [""Realigned logistical intranet"", 5, 56.99, 284.95]]",699.92,69.99,769.91
"Blackwell, Arias and Buckley",85364,MR. MICHAEL WARD,+1-770-512-6521x14562,"866 Leblanc Springs Suite 765, Port Taylorland, AL 11705",27/08/2021,kevincohen@example.com,"[[""Secured client-server definition"", 3, 78.91, 236.73], [""Digitized fault-tolerant analyzer"", 3, 89.18, 267.54], [""Open-architected object-oriented info-mediaries"", 2, 93.71, 187.42], [""Open-source mobile utilization"", 2, 39.21, 78.42], [""Open-architected multimedia complexity"", 1, 61.76, 61.76]]",831.87,83.19,915.06
Warren Ltd,62975,LINDSEY FRAZIER,469.552.9647x4017,"8007 Cassandra Neck Suite 750, North Michael, OR 23492",12/04/2021,melissasmith@example.net,"[[""Proactive discrete extranet"", 3, 75.23, 225.69]]",225.69,22.57,248.26
"Sanchez, Harrison and Hernandez",58767,VICTORIA LEWIS,(315)714-9517x1266,"007 Jasmine Groves, South Matthewton, TN 52791",01/08/2019,brownmichelle@example.com,"[[""Centralized 5thgeneration interface"", 4, 59.74, 238.96], [""Focused zero-defect service-desk"", 2, 56.05, 112.1], [""User-friendly real-time projection"", 4, 76.11, 304.44], [""Polarized systematic open system"", 1, 59.26, 59.26]]",714.76,71.48,786.24
Brown-Nelson,31923,JODY MOORE,001-628-976-2959x4596,"Unit 2599 Box 1991, DPO AA 78336",28/03/2023,ismith@example.org,"[[""Switchable full-range website"", 2, 59.21, 118.42], [""Automated methodical framework"", 3, 56.31, 168.93], [""Horizontal reciprocal interface"", 5, 98.44, 492.2]]",779.55,77.95,857.5
Hunt-Morris,52888,BRIAN AVILA,4901038971,"3240 Ortiz Skyway Suite 676, South James, SC 15854",27/11/2022,cassandrahardy@example.net,"[[""Multi-channeled human-resource frame"", 2, 56.64, 113.28], [""Face-to-face interactive function"", 5, 80.56, 402.8], [""Diverse methodical customer loyalty"", 5, 90.84, 454.2]]",970.28,97.03,1067.31
Maynard-Miller,35319,LAURA JORDAN,237-597-2475x55217,"98166 Taylor Burgs Apt. 344, Shawstad, MA 68546",11/09/2018,williamsjessica@example.org,"[[""Up-sized maximized orchestration"", 1, 84.19, 84.19], [""Adaptive grid-enabled parallelism"", 3, 81.35, 244.05]]",328.24,32.82,361.06
"Gonzalez, Mcconnell and Hunt",77440,THOMAS MOSLEY,677-300-7628x6155,"530 Lee Crossroad Suite 355, West Michaelbury, PA 88488",22/07/2020,greeneashley@example.org,"[[""Realigned bottom-line orchestration"", 1, 15.14, 15.14], [""Monitored non-volatile conglomeration"", 1, 42.85, 42.85], [""Adaptive static monitoring"", 1, 13.27, 13.27]]",71.26,7.13,78.39
Smith-Watts,15228,MICHAEL BARNES,483.055.9413x449,"93719 Schmidt Landing, Pereztown, LA 29095",31/12/2022,brendatate@example.org,"[[""Up-sized coherent matrices"", 2, 81.97, 163.94]]",163.94,16.39,180.33
Willis Ltd,10895,MARY KELLY,(909)574-5343,"533 Bradford Mill Apt. 508, Port Stephanieton, MH 17426",12/08/2019,grayerin@example.org,"[[""Multi-layered bi-directional intranet"", 5, 39.63, 198.15]]",198.15,19.82,217.97
Owens-Sexton,80651,MARK HUBBARD,+1-049-925-8426,"13010 Diane Court, Port Robertville, HI 31138",10/06/2022,brookssarah@example.com,"[[""Diverse disintermediate circuit"", 4, 74.77, 299.08], [""Down-sized 24hour policy"", 4, 83.75, 335.0]]",634.08,63.41,697.49
Summers PLC,19207,CRYSTAL STEELE,+1-904-546-7869,"267 Jones Burgs Apt. 827, Fleminghaven, MI 14230",10/04/2021,johnnylewis@example.org,"[[""Progressive well-modulated core"", 3, 19.95, 59.85], [""Synchronized client-driven throughput"", 2, 75.5, 151.0], [""Multi-tiered object-oriented workforce"", 3, 94.66, 283.98], [""Enterprise-wide system-worthy groupware"", 5, 65.57, 327.85]]",822.68,82.27,904.95
"Perez, Waters and Harris",94121,CHASE KAUFMAN,001-389-369-1525x0951,"5222 Arthur Forest Suite 814, Evanston, RI 80212",05/08/2019,lyonsbrandon@example.com,"[[""Polarized web-enabled artificial intelligence"", 5, 89.82, 449.1]]",449.1,44.91,494.01
"Santos, Phillips and Williams",82912,DAVID HERRERA,613-945-7748x93273,"0271 Olsen Isle Apt. 307, Port Jerry, TN 47782",15/09/2018,mathewclark@example.org,"[[""Multi-tiered composite task-force"", 4, 47.49, 189.96], [""Reactive heuristic project"", 4, 65.45, 261.8]]",451.76,45.18,496.94
"Smith, Ford and Velazquez",84880,KEVIN HOOD,001-485-211-8819x160,"261 Parker Isle Suite 661, Hamptonton, VI 35253",31/10/2021,baileyreginald@example.com,"[[""Pre-emptive actuating approach"", 5, 16.18, 80.9]]",80.9,8.09,88.99
Rodriguez Inc,57827,JODI SWANSON,(246)680-3330,"1271 Reeves Rest, Jonesland, MP 78713",18/08/2019,bblair@example.com,"[[""Ergonomic neutral collaboration"", 2, 66.24, 132.48]]",132.48,13.25,145.73
Gonzalez-Banks,25608,KYLE SOLOMON,+1-448-606-8352x2917,"77325 Andrew Turnpike Suite 806, Smithside, MP 03195",08/06/2019,leslie32@example.net,"[[""Proactive uniform initiative"", 1, 64.17, 64.17], [""Versatile client-driven architecture"", 3, 65.67, 197.01], [""Face-to-face 5thgeneration artificial intelligence"", 4, 42.44, 169.76], [""Horizontal web-enabled budgetary management"", 5, 23.98, 119.9], [""Enterprise-wide object-oriented secured line"", 1, 12.97, 12.97]]",563.81,56.38,620.19
Eaton-Mcintyre,14865,LAUREN MURRAY,138-080-5434x47002,"419 Bright Stravenue, Lake Hayley, KS 64627",30/05/2018,eduardo74@example.org,"[[""Reverse-engineered needs-based attitude"", 5, 41.89, 209.45], [""Right-sized multi-tasking Graphical User Interface"", 4, 41.68, 166.72], [""User-friendly national structure"", 2, 74.68, 149.36], [""Streamlined intangible emulation"", 1, 70.89, 70.89], [""Versatile responsive attitude"", 1, 76.02, 76.02]]",672.44,67.24,739.68
"Hodges, Smith and Allen",20119,JAMES DECKER,+1-326-825-6260,"0155 Maria Union, Mejiamouth, ND 69005",29/09/2021,susanquinn@example.org,"[[""Re-contextualized intermediate service-desk"", 2, 89.86, 179.72], [""Reverse-engineered foreground Local Area Network"", 3, 33.84, 101.52], [""Pre-emptive uniform encryption"", 5, 88.27, 441.35]]",722.59,72.26,794.85
"Glass, Brandt and Keller",30512,BRITTANY ROSARIO,219.625.8491x95740,"832 Sara Trace, Reynoldsberg, CT 69379",08/09/2019,paula29@example.com,"[[""Polarized holistic synergy"", 3, 38.4, 115.2], [""Reverse-engineered encompassing Internet solution"", 2, 65.26, 130.52], [""User-friendly next generation superstructure"", 3, 43.11, 129.33], [""Ameliorated leadingedge customer loyalty"", 5, 21.09, 105.45]]",480.5,48.05,528.55
Love Inc,71708,CONNIE NGUYEN,+1-140-481-9517x81029,"324 Scott Fall, Kimstad, NJ 00894",14/11/2020,parkerrachel@example.com,"[[""Optional web-enabled approach"", 4, 92.78, 371.12], [""Synergistic human-resource methodology"", 2, 57.01, 114.02], [""Horizontal 24hour framework"", 2, 88.78, 177.56]]",662.7,66.27,728.97
Johnson-Fox,49783,VIRGINIA BANKS,392.567.0079x61754,"6488 Monica Lock, New Eric, MN 03396",11/04/2019,edwardsashley@example.org,"[[""Centralized object-oriented initiative"", 2, 96.57, 193.14], [""Stand-alone cohesive core"", 4, 44.95, 179.8], [""Programmable regional migration"", 1, 52.15, 52.15]]",425.09,42.51,467.6
Duffy-Simmons,71649,DANIEL CHERRY,999.555.7032,"87247 Brad Mount Apt. 134, Port Lindseyview, SD 67822",21/05/2022,nolanmelissa@example.net,"[[""Devolved leadingedge extranet"", 1, 35.9, 35.9], [""Synergized bifurcated firmware"", 1, 55.78, 55.78], [""Grass-roots multi-tasking product"", 5, 64.48, 322.4], [""Self-enabling 24hour monitoring"", 5, 69.58, 347.9], [""Universal mobile time-frame"", 1, 10.91, 10.91]]",772.89,77.29,850.18
Lambert-Stewart,18074,EDWARD LIN,443.531.7730,"301 Davis Rue, Shaunchester, NH 52424",21/07/2018,colonkelly@example.org,"[[""Proactive national emulation"", 1, 79.01, 79.01], [""Front-line background array"", 1, 18.45, 18.45]]",97.46,9.75,107.21
Mitchell-Mccoy,30575,ALEX RILEY,622-222-8720,"10900 Kevin Locks, Ashleetown, TX 56155",02/08/2022,johncurtis@example.org,"[[""Robust bandwidth-monitored methodology"", 2, 50.14, 100.28], [""Secured optimizing benchmark"", 1, 78.34, 78.34]]",178.62,17.86,196.48
"Moore, George and Cantrell",57990,CHRISTOPHER PERRY,062.088.5424x716,"67240 Derek Creek, New Jennifertown, ND 88656",20/09/2018,jason04@example.org,"[[""Innovative incremental array"", 2, 69.73, 139.46], [""Cross-platform needs-based solution"", 1, 55.27, 55.27], [""Face-to-face maximized data-warehouse"", 1, 36.17, 36.17]]",230.9,23.09,253.99
"Williams, Montgomery and Reynolds",70230,MICHAEL GRAY,+1-314-365-5099,"5485 Sarah Ville Suite 994, North Alyssa, NC 27122",10/04/2022,richard98@example.com,"[[""Upgradable transitional moderator"", 3, 50.48, 151.44], [""Enterprise-wide non-volatile algorithm"", 1, 87.89, 87.89], [""Intuitive static interface"", 5, 15.83, 79.15], [""Visionary mission-critical conglomeration"", 3, 14.06, 42.18]]",360.66,36.07,396.73
Stephens-Flowers,76535,DOUGLAS BROWN,414.705.2506,"22553 James Avenue, New Kevintown, MS 64326",16/01/2022,stevenshort@example.org,"[[""Multi-lateral eco-centric hardware"", 3, 12.62, 37.86]]",37.86,3.79,41.65
"Andrade, Barrett and Leonard",66307,DAVID ROBERTSON,+1-193-168-2321x95377,"365 Jenkins Union, South Tiffanymouth, AZ 00700",19/06/2019,vshah@example.net,"[[""Exclusive reciprocal open architecture"", 3, 92.57, 277.71], [""Diverse next generation archive"", 5, 74.41, 372.05], [""Face-to-face motivating Local Area Network"", 3, 98.06, 294.18], [""Quality-focused value-added capacity"", 1, 74.7, 74.7], [""User-friendly real-time firmware"", 1, 99.96, 99.96]]",1118.6,111.86,1230.46
"Hall, Hall and Grant",56203,CARL AGUIRRE,924.737.5761x91957,"01271 Johnson Drive, Jordanburgh, VT 91810",22/03/2022,marc29@example.com,"[[""Compatible national monitoring"", 3, 50.01, 150.03], [""Universal upward-trending archive"", 5, 68.15, 340.75], [""Proactive actuating capability"", 3, 75.58, 226.74], [""Decentralized hybrid attitude"", 1, 29.91, 29.91]]",747.43,74.74,822.17
"Williams, Murphy and Collins",16394,JOSEPH BEARD,001-869-099-9675x2726,"79865 Thompson Villages Suite 298, West Lauren, NE 49325",20/09/2020,kellypatricia@example.net,"[[""Grass-roots client-driven structure"", 2, 83.97, 167.94], [""Customer-focused 4thgeneration attitude"", 1, 82.85, 82.85], [""Versatile empowering customer loyalty"", 2, 22.6, 45.2], [""Profound actuating interface"", 5, 89.41, 447.05]]",743.04,74.3,817.34
Yoder Ltd,54620,CALVIN CASEY,+1-131-547-0387x729,"6912 Simmons Heights, North Frank, AL 39610",28/10/2022,melissa79@example.net,"[[""Open-architected regional hierarchy"", 3, 34.27, 102.81], [""Multi-lateral solution-oriented synergy"", 4, 48.52, 194.08], [""Persevering optimal flexibility"", 4, 21.3, 85.2], [""Optional tertiary circuit"", 5, 72.51, 362.55]]",744.64,74.46,819.1
"Brown, Hopkins and Duarte",85411,LARRY GARDNER,(330)615-9029,"257 Amanda Loaf, Perkinsborough, PA 74719",26/08/2022,oli@example.org,"[[""Visionary bi-directional adapter"", 5, 86.21, 431.05]]",431.05,43.11,474.16
"Jensen, Romero and Murphy",95269,KEVIN SANCHEZ,+1-181-270-6713x1705,"824 Suarez Roads, Humphreyside, MS 36254",16/03/2021,rodriguezstephen@example.net,"[[""Open-source zero administration toolset"", 1, 84.44, 84.44], [""Reactive modular secured line"", 4, 94.63, 378.52], [""Business-focused stable initiative"", 3, 27.39, 82.17], [""Open-source tangible focus group"", 2, 24.85, 49.7]]",594.83,59.48,654.31
"Garcia, Campbell and Campbell",78729,SHARON PETERS,235-354-5759x87197,"566 Marcus Throughway, East Elizabethburgh, VI 82543",09/10/2022,npatterson@example.org,"[[""Secured client-driven analyzer"", 2, 24.84, 49.68], [""Enhanced bifurcated data-warehouse"", 2, 77.06, 154.12]]",203.8,20.38,224.18
Lane-Harris,30695,SUSAN HARRISON,(415)870-7613x45914,"543 Vaughan Stravenue Suite 343, Port Robert, ID 13160",01/11/2019,madisonsmith@example.net,"[[""Polarized leadingedge projection"", 5, 64.43, 322.15], [""Optimized 6thgeneration synergy"", 4, 77.23, 308.92], [""Object-based fault-tolerant forecast"", 3, 36.08, 108.24], [""Integrated value-added Graphical User Interface"", 5, 87.24, 436.2], [""Fully-configurable encompassing approach"", 2, 49.63, 99.26]]",1274.77,127.48,1402.25
"Vincent, Haney and Lee",20512,MATTHEW FLOYD,(838)204-7240x45579,"PSC 2470, Box 9272, APO AP 03144",20/04/2019,kirbycynthia@example.com,"[[""Fully-configurable interactive paradigm"", 5, 26.98, 134.9]]",134.9,13.49,148.39
Brown and Sons,71908,MICHAEL MILLER,001-922-970-2828x298,"25451 Miranda Knoll Apt. 655, Josephchester, MD 43476",25/03/2023,terrellbradley@example.net,"[[""Proactive uniform collaboration"", 5, 58.63, 293.15], [""Implemented uniform portal"", 5, 91.45, 457.25], [""Persevering 24hour encoding"", 4, 12.32, 49.28], [""Vision-oriented tangible synergy"", 2, 60.19, 120.38], [""Front-line executive customer loyalty"", 2, 13.72, 27.44]]",947.5,94.75,1042.25
"Hill, Smith and Lopez",29119,MEGAN WEBSTER,+1-299-981-3803,"842 James Plain Suite 552, Lake Shellyburgh, OR 51347",06/05/2022,phillipsrhonda@example.com,"[[""Configurable bifurcated middleware"", 5, 11.22, 56.1]]",56.1,5.61,61.71
"Johnson, Wilson and Hernandez",72766,WHITNEY BUSH,(902)331-7405x0683,"2885 Meyer Vista, Lake Oscarfurt, OR 95050",01/01/2020,elizabethhorne@example.org,"[[""Universal executive flexibility"", 1, 13.01, 13.01], [""Sharable multi-tasking capability"", 4, 58.44, 233.76]]",246.77,24.68,271.45
Mcdonald Inc,39835,TIMOTHY GARZA,+1-054-385-2382x24610,"17899 Schmidt Roads, Lisahaven, HI 94548",24/06/2019,armstrongkristen@example.net,"[[""Intuitive optimizing policy"", 5, 71.19, 355.95], [""Compatible static project"", 5, 18.88, 94.4], [""Synergistic exuding framework"", 4, 51.93, 207.72], [""Innovative content-based protocol"", 1, 65.25, 65.25]]",723.32,72.33,795.65
Williams-Armstrong,39383,JEFF WARD,001-331-022-1150x8977,"9648 Gabriel Mission Apt. 037, New Linda, WV 01135",02/09/2018,heather56@example.org,"[[""Customer-focused solution-oriented workforce"", 5, 83.39, 416.95]]",416.95,41.7,458.65
Porter Ltd,69750,DEBORAH SCHULTZ,001-799-891-9969x63885,"2493 Paul Shoals Suite 565, South Joshua, LA 13430",22/05/2018,erika81@example.com,"[[""Polarized tangible success"", 1, 15.31, 15.31]]",15.31,1.53,16.84
"Harrison, Bell and Gonzalez",60021,MARIAH BROWN,383.118.0618,"74158 Sanders Points Suite 254, Port James, MD 89740",22/12/2019,elizabeth46@example.com,"[[""Realigned solution-oriented archive"", 5, 23.09, 115.45], [""Managed high-level toolset"", 1, 29.27, 29.27], [""Cross-group mission-critical open system"", 1, 57.12, 57.12], [""Up-sized background superstructure"", 1, 36.17, 36.17]]",238.01,23.8,261.81
Whitaker and Sons,45888,LISA JONES,719.826.7633x4055,"511 Karen Mount, West Jackshire, MI 71129",16/11/2022,hkirby@example.com,"[[""Multi-channeled discrete Graphic Interface"", 1, 29.42, 29.42], [""Balanced holistic projection"", 5, 33.1, 165.5], [""Horizontal value-added protocol"", 3, 30.0, 90.0]]",284.92,28.49,313.41
"Golden, Mccarthy and Yu",31901,NATALIE RHODES,6134642175,"45745 Michael Village, East Douglas, ID 35064",04/11/2018,cohentracy@example.org,"[[""Function-based 24/7 ability"", 2, 83.0, 166.0], [""Monitored neutral software"", 3, 59.06, 177.18], [""Synchronized motivating capability"", 4, 32.84, 131.36], [""Proactive object-oriented monitoring"", 3, 48.55, 145.65]]",620.19,62.02,682.21
Curry-Campos,56973,SHERRY STUART,528-918-4784x952,"4424 Hannah Shoals, Lake Susanborough, PA 45940",24/06/2022,brownjoseph@example.com,"[[""Decentralized multi-state toolset"", 5, 97.66, 488.3], [""Persevering systematic policy"", 3, 74.19, 222.57], [""Configurable coherent implementation"", 1, 37.18, 37.18]]",748.05,74.8,822.85
Moreno-Hancock,96519,MARK BEAN,933-270-0201,"6263 Little Lane Suite 986, West Charlesville, LA 18592",01/03/2021,kennethwhite@example.net,"[[""Synergistic 5thgeneration secured line"", 5, 84.07, 420.35], [""Integrated non-volatile Graphic Interface"", 2, 88.4, 176.8], [""Reduced tertiary support"", 1, 13.4, 13.4], [""Synergized incremental help-desk"", 5, 96.29, 481.45]]",1092.0,109.2,1201.2
Lindsey Group,81466,MRS. TARA SMITH PHD,+1-925-771-1357x42216,"32595 Rodriguez Shores Suite 413, New Caroline, NC 83184",26/02/2021,smithdeborah@example.com,"[[""Secured 6thgeneration firmware"", 2, 98.11, 196.22], [""Cross-platform regional system engine"", 3, 70.51, 211.53], [""Multi-channeled hybrid leverage"", 1, 24.82, 24.82]]",432.57,43.26,475.83
Chen-Robinson,70210,RYAN BRADY,025.765.6667,"6824 Gallegos Viaduct, New Randymouth, MO 95999",04/10/2021,nataliesimpson@example.org,"[[""Cross-group even-keeled task-force"", 5, 50.79, 253.95], [""Synchronized fault-tolerant knowledgebase"", 1, 45.13, 45.13], [""Managed regional archive"", 5, 45.17, 225.85]]",524.93,52.49,577.42
Pearson Inc,78440,ELIJAH GAY,001-708-220-0223x403,"624 Thomas Light, West Victoria, OH 76181",19/01/2023,brownmelissa@example.org,"[[""Versatile well-modulated implementation"", 4, 69.65, 278.6], [""Face-to-face real-time hierarchy"", 3, 97.63, 292.89], [""Programmable intermediate process improvement"", 4, 87.71, 350.84], [""De-engineered multi-tasking projection"", 1, 28.79, 28.79]]",951.12,95.11,1046.23
Garcia and Sons,24150,CARLY NGUYEN MD,780.873.9878x7026,"743 Smith Estate Suite 514, Meredithside, AL 58450",18/11/2018,kdavila@example.net,"[[""Programmable intangible utilization"", 1, 61.47, 61.47], [""Monitored multi-state concept"", 5, 83.56, 417.8], [""Grass-roots intermediate definition"", 4, 50.14, 200.56], [""Assimilated stable hub"", 1, 36.78, 36.78], [""Devolved 24hour function"", 1, 94.44, 94.44]]",811.05,81.11,892.16
"Chang, Garcia and Thompson",62311,JUAN TURNER,7024714646,"35535 Jason Parks Apt. 086, Alvarezfort, PR 40423",12/06/2022,nguyenmelissa@example.com,"[[""Right-sized background hub"", 1, 76.91, 76.91]]",76.91,7.69,84.6
"Mcdonald, Walker and Farmer",49990,JASON GAMBLE,212-031-4002x990,"196 Martinez Wells, Melindaport, VI 13733",06/02/2019,morganjennings@example.org,"[[""Pre-emptive executive Graphic Interface"", 4, 17.99, 71.96], [""Progressive empowering encoding"", 2, 49.5, 99.0], [""Networked 24/7 Internet solution"", 2, 62.67, 125.34], [""Managed zero tolerance superstructure"", 4, 58.85, 235.4], [""Public-key tangible methodology"", 4, 40.17, 160.68]]",692.38,69.24,761.62
"Palmer, Drake and Ross",20630,TERRANCE PENA,310.322.6443,"33145 Hoover Court, Blackburntown, AR 60350",06/12/2019,adam10@example.com,"[[""Triple-buffered secondary throughput"", 3, 14.28, 42.84], [""Future-proofed fault-tolerant knowledge user"", 5, 95.26, 476.3], [""Multi-lateral interactive service-desk"", 1, 57.1, 57.1], [""Extended multimedia help-desk"", 1, 49.41, 49.41], [""Cross-platform asynchronous customer loyalty"", 2, 22.18, 44.36]]",670.01,67.0,737.01
Parker Group,46620,VERONICA WILLIAMS,001-802-559-1219x205,"92640 Kevin Creek Suite 710, Danielborough, MS 22557",28/05/2018,murraygarrett@example.org,"[[""Cross-platform interactive info-mediaries"", 5, 42.37, 211.85], [""Fundamental optimal info-mediaries"", 1, 35.39, 35.39], [""Function-based systemic structure"", 1, 60.54, 60.54], [""Polarized 24hour process improvement"", 5, 41.25, 206.25]]",514.03,51.4,565.43
Wilson-Campbell,53603,NATALIE DAVIS,(309)144-2779x746,"60656 Julie Pine, East Danielle, MI 43917",08/08/2022,hillkevin@example.com,"[[""Reverse-engineered multi-state groupware"", 2, 69.01, 138.02], [""Fundamental actuating neural-net"", 4, 72.12, 288.48], [""Robust foreground strategy"", 2, 32.36, 64.72], [""Compatible multi-state throughput"", 5, 80.98, 404.9], [""Cloned asynchronous array"", 4, 44.25, 177.0]]",1073.12,107.31,1180.43
Nicholson-Chambers,59519,CURTIS NELSON,001-871-211-0013x6079,"595 Schneider Square Apt. 036, East John, OK 26616",23/08/2018,dakota50@example.org,"[[""Team-oriented directional pricing structure"", 5, 94.95, 474.75], [""Reactive demand-driven frame"", 2, 42.92, 85.84]]",560.59,56.06,616.65
"Clark, Murphy and Estrada",22827,AMBER BUTLER,7050649875,"65734 Hall Orchard, Susanmouth, NH 07685",25/01/2019,erichmond@example.net,"[[""Persistent non-volatile monitoring"", 4, 51.28, 205.12], [""Fully-configurable even-keeled strategy"", 4, 35.94, 143.76], [""Universal directional process improvement"", 3, 13.08, 39.24], [""Virtual bi-directional contingency"", 4, 12.98, 51.92], [""Sharable demand-driven monitoring"", 1, 89.95, 89.95]]",529.99,53.0,582.99
