issuer,issuer_address,phone,invoice_n,date,billed_to,billing_address,data,total,bank_name,account_n,support_email
Smith and Sons,"981 Garcia Expressway Apt. 391
Devinport, MD 03170",610.748.4470,93511128,"26 September, 2021","Mcdowell, Bush and Evans","008 Rachel Roads
North Juliechester, NJ 27668","[[1, 'Progressive bi-directional toolset', '$436.00', '$872.00'], [2, 'Customer-focused exuding time-frame', '$651.00', '$1302.00'], [3, 'Cross-group transitional policy', '$291.00', '$582.00']]",2756.0,Bank of America,0123 4567 8901,support@reallygreatsite.com
"Yang, Gilbert and Pham","0014 Kimberly Flat Apt. 277
South Olivia, NY 07663",253-554-4927x65708,33020924,"20 August, 2022",Torres and Sons,"70028 Julie Drives Apt. 905
Marcusmouth, MO 87043","[[1, 'Universal global support', '$256.00', '$256.00'], [2, 'Reactive holistic toolset', '$132.00', '$264.00']]",520.0,Bank of America,0123 4567 8901,support@reallygreatsite.com
Hudson-Waters,"5934 Young Forks Apt. 003
Fordmouth, OH 83903",161-310-3654,77240853,"28 October, 2019",Stone-Lawson,"3181 Matthew Walk
Garyfort, HI 88243","[[1, 'Profound 24/7 complexity', '$539.00', '$539.00'], [2, 'Persevering mission-critical time-frame', '$579.00', '$579.00'], [3, 'Fundamental dedicated software', '$315.00', '$630.00']]",1748.0,Bank of America,0123 4567 8901,support@reallygreatsite.com
Mcconnell Group,"776 Andersen Forks Suite 776
Davidtown, DE 28866",8180684933,78610798,"25 April, 2022",Marshall-Knight,"496 Nicholas Hollow Suite 775
Troystad, RI 83000","[[1, 'Triple-buffered user-facing pricing structure', '$260.00', '$260.00'], [2, 'Innovative full-range intranet', '$271.00', '$542.00'], [3, 'Persevering bifurcated service-desk', '$141.00', '$141.00'], [4, 'Polarized impactful algorithm', '$961.00', '$1922.00'], [5, 'Optimized discrete collaboration', '$955.00', '$955.00']]",3820.0,Bank of America,0123 4567 8901,support@reallygreatsite.com
Murphy Group,"PSC 6111, Box 5641
APO AA 43713",341.875.6963,26587540,"21 December, 2022",Conner-Sawyer,"7025 Thomas Avenue
Jenniferside, VT 72254","[[1, 'Expanded methodical complexity', '$872.00', '$1744.00'], [2, 'Visionary grid-enabled application', '$508.00', '$1016.00'], [3, 'Diverse optimal array', '$817.00', '$1634.00'], [4, 'Streamlined holistic functionalities', '$192.00', '$384.00'], [5, 'Multi-layered user-facing adapter', '$666.00', '$666.00']]",5444.0,Bank of America,0123 4567 8901,support@reallygreatsite.com
Moore-Miller,"Unit 6015 Box 3771
DPO AA 61577",(951)368-5598,85653408,"07 November, 2020","Dodson, Thompson and Fletcher","591 Barrett Freeway Apt. 850
Garnerview, IN 02283","[[1, 'Switchable cohesive artificial intelligence', '$932.00', '$1864.00'], [2, 'Down-sized scalable time-frame', '$954.00', '$1908.00'], [3, 'Down-sized maximized core', '$278.00', '$556.00'], [4, 'Reverse-engineered bandwidth-monitored access', '$860.00', '$860.00']]",5188.0,Bank of America,0123 4567 8901,support@reallygreatsite.com
Warner-Caldwell,"076 Wilson Inlet Suite 408
South Annaborough, MD 76875",001-721-347-4789,14868949,"27 January, 2020",Taylor Ltd,"43284 Jason Hill Suite 776
Figueroaborough, IL 85955","[[1, 'Profound scalable alliance', '$434.00', '$868.00'], [2, 'Versatile systemic parallelism', '$436.00', '$436.00'], [3, 'Vision-oriented fresh-thinking attitude', '$512.00', '$512.00'], [4, 'Function-based bifurcated archive', '$155.00', '$310.00']]",2126.0,Bank of America,0123 4567 8901,support@reallygreatsite.com
Martin-Miles,"0230 Galvan Underpass
Port Amber, TX 56339",(558)501-2354,50393995,"26 March, 2019",Baxter LLC,"348 Deborah Walk Apt. 007
Lopezbury, GU 26125","[[1, 'Optimized needs-based Graphic Interface', '$230.00', '$460.00'], [2, 'Self-enabling 4thgeneration info-mediaries', '$659.00', '$1318.00'], [3, 'Expanded analyzing paradigm', '$550.00', '$1100.00']]",2878.0,Bank of America,0123 4567 8901,support@reallygreatsite.com
"Franklin, Gilbert and Wagner","8592 Natasha Run Apt. 138
Longtown, UT 50732",111.576.1307x5936,73434077,"08 December, 2020",Gordon-Wilson,"316 Edward Run
Port Joshua, AZ 01664","[[1, 'Integrated composite toolset', '$569.00', '$1138.00'], [2, 'Inverse composite product', '$854.00', '$1708.00'], [3, 'Stand-alone solution-oriented workforce', '$503.00', '$503.00']]",3349.0,Bank of America,0123 4567 8901,support@reallygreatsite.com
"Gardner, White and Mckinney","USNS Jones
FPO AE 19073",(075)835-5108x5601,94197757,"27 February, 2022",Rodriguez PLC,"561 Savage Junction Suite 709
North Anthony, FM 23777","[[1, 'Team-oriented global installation', '$403.00', '$403.00'], [2, 'Self-enabling hybrid utilization', '$868.00', '$1736.00'], [3, 'Monitored client-server functionalities', '$632.00', '$1264.00'], [4, 'Monitored multi-state structure', '$818.00', '$1636.00'], [5, 'Switchable fresh-thinking encoding', '$753.00', '$753.00']]",5792.0,Bank of America,0123 4567 8901,support@reallygreatsite.com
"Lewis, Santos and Rice","9607 Charles Villages Apt. 177
Cobbland, NM 96735",549-207-8101,62753542,"06 January, 2020",Jacobs LLC,"286 Edward Vista Suite 651
West Bryanchester, AS 28608","[[1, 'Vision-oriented 5thgeneration project', '$156.00', '$312.00'], [2, 'Polarized encompassing conglomeration', '$205.00', '$410.00'], [3, 'Polarized content-based success', '$122.00', '$122.00']]",844.0,Bank of America,0123 4567 8901,support@reallygreatsite.com
"Hale, Medina and Thomas","35221 Michael Prairie
Mcbridemouth, NC 48011",001.572.9516,76587331,"28 December, 2022","Jenkins, Hester and Smith","865 Juan Mountains Suite 479
Norrisview, SC 80395","[[1, 'Inverse uniform forecast', '$378.00', '$378.00'], [2, 'Innovative explicit approach', '$367.00', '$734.00'], [3, 'Reverse-engineered maximized standardization', '$643.00', '$1286.00'], [4, 'Down-sized eco-centric support', '$113.00', '$113.00'], [5, 'Networked executive implementation', '$509.00', '$1018.00']]",3529.0,Bank of America,0123 4567 8901,support@reallygreatsite.com
"Mason, Hayes and Hunter","720 Brown Meadow Apt. 012
Priceton, AL 58651",(866)209-7903,35098077,"17 March, 2022","Ward, Gentry and Ramirez","6632 Amanda Extensions
Port Catherine, MI 70317","[[1, 'Organic solution-oriented moratorium', '$979.00', '$979.00']]",979.0,Bank of America,0123 4567 8901,support@reallygreatsite.com
Wilkerson-Evans,"PSC 1342, Box 1688
APO AE 16657",+1-304-874-3239x876,35177813,"15 November, 2022",Lang LLC,"837 Warren Groves Suite 272
Port Jenna, OH 05016","[[1, 'Balanced tangible secured line', '$241.00', '$482.00'], [2, 'Re-contextualized value-added extranet', '$571.00', '$571.00'], [3, 'Team-oriented clear-thinking approach', '$839.00', '$1678.00'], [4, 'Reverse-engineered explicit encoding', '$290.00', '$290.00']]",3021.0,Bank of America,0123 4567 8901,support@reallygreatsite.com
"Webb, Porter and Mccall","6701 Anderson Crossroad Apt. 096
New Jessicaview, IA 48271",575-530-5847,75734164,"17 December, 2021","Arellano, Castillo and Lawrence","1049 Arnold Mountain
Georgemouth, FM 64355","[[1, 'Organized hybrid database', '$916.00', '$1832.00']]",1832.0,Bank of America,0123 4567 8901,support@reallygreatsite.com
Mccormick-Smith,"021 Arthur Meadow
Freemanbury, MA 74387",001-496-920-0731x85201,92547264,"28 March, 2020","George, Moon and Hopkins","5042 Cook Crescent Suite 065
New Jesus, NE 53510","[[1, 'Compatible discrete project', '$414.00', '$828.00']]",828.0,Bank of America,0123 4567 8901,support@reallygreatsite.com
Wolfe and Sons,"696 Jeffrey Curve
Walkerside, NJ 76159",001-830-899-3215x9989,26219941,"10 February, 2023","Valdez, King and Benitez","1628 Harris Parkway Suite 828
Port Charles, AL 56553","[[1, 'Profound well-modulated challenge', '$573.00', '$1146.00'], [2, 'Adaptive maximized toolset', '$592.00', '$1184.00'], [3, 'Multi-tiered even-keeled architecture', '$146.00', '$146.00'], [4, 'Integrated real-time encryption', '$870.00', '$870.00'], [5, 'Adaptive upward-trending initiative', '$543.00', '$543.00']]",3889.0,Bank of America,0123 4567 8901,support@reallygreatsite.com
Lynch-Stevens,"28703 White Alley Apt. 264
Lake Janice, KY 39060",0160099869,52127106,"24 July, 2022","Sandoval, Espinoza and Pollard","1276 Cynthia Bypass
Woodsborough, NH 33329","[[1, 'Object-based high-level functionalities', '$896.00', '$1792.00'], [2, 'Fully-configurable foreground throughput', '$255.00', '$510.00']]",2302.0,Bank of America,0123 4567 8901,support@reallygreatsite.com
Middleton-Gallegos,"47014 Debra Prairie Apt. 980
Silvaberg, WI 58586",510-712-7140x6233,28859720,"17 October, 2019",Sullivan-Richardson,"Unit 2832 Box 9625
DPO AP 39928","[[1, 'Programmable transitional portal', '$292.00', '$584.00'], [2, 'Mandatory optimizing adapter', '$721.00', '$1442.00'], [3, 'Grass-roots empowering complexity', '$299.00', '$299.00'], [4, 'Realigned executive orchestration', '$362.00', '$724.00']]",3049.0,Bank of America,0123 4567 8901,support@reallygreatsite.com
Sullivan-Powers,"295 Teresa Forks
Kimberlymouth, ID 18323",638.473.2785x2452,10017783,"13 November, 2020","Dillon, Douglas and Scott","9394 Mikayla Skyway Suite 974
West Sarahmouth, KY 29270","[[1, 'Advanced attitude-oriented pricing structure', '$138.00', '$276.00'], [2, 'Devolved exuding hub', '$786.00', '$1572.00'], [3, 'Innovative hybrid middleware', '$385.00', '$770.00'], [4, 'Realigned 4thgeneration matrices', '$481.00', '$481.00']]",3099.0,Bank of America,0123 4567 8901,support@reallygreatsite.com
"Gray, Watkins and Allen","1157 Morris Pass Apt. 977
Martinezville, WA 34648",4903127085,40990261,"31 March, 2018","Weber, Johnston and Underwood","22926 Marcus Garden
Morrowborough, VA 90665","[[1, 'Devolved explicit challenge', '$121.00', '$121.00'], [2, 'Centralized attitude-oriented collaboration', '$247.00', '$247.00'], [3, 'Ameliorated empowering Internet solution', '$652.00', '$652.00'], [4, 'Sharable disintermediate functionalities', '$336.00', '$672.00']]",1692.0,Bank of America,0123 4567 8901,support@reallygreatsite.com
"Woods, Butler and Avery","1022 Carla Heights
Fullertown, TN 11044",(958)768-6222,41048869,"14 November, 2018",Cortez Inc,"7149 Morales Roads Suite 701
Suestad, MP 60651","[[1, 'Diverse high-level moratorium', '$527.00', '$527.00']]",527.0,Bank of America,0123 4567 8901,support@reallygreatsite.com
Mayo-Gaines,"Unit 8402 Box 6571
DPO AP 42138",067.203.4196x66679,96641655,"07 September, 2018","Cameron, Williams and Davis","7668 Gaines Prairie Suite 882
Carlafort, GU 81870","[[1, 'Configurable stable algorithm', '$670.00', '$1340.00']]",1340.0,Bank of America,0123 4567 8901,support@reallygreatsite.com
Barnes-Clark,"539 Brandon Ramp Suite 188
Mcdonaldberg, IN 04927",001-003-347-7841,22805315,"24 May, 2019",Durham and Sons,"113 Trevor Coves
Johnton, NM 53141","[[1, 'Profit-focused upward-trending focus group', '$764.00', '$764.00']]",764.0,Bank of America,0123 4567 8901,support@reallygreatsite.com
"Hernandez, Stevens and Silva","171 Mcdonald Fork Apt. 926
Lake Briantown, AK 29355",+1-132-511-3923,40390061,"12 February, 2020",Cross-Ellison,"7564 Bailey Light
North Wayne, WY 93800","[[1, 'Organized high-level process improvement', '$608.00', '$1216.00'], [2, 'Front-line maximized methodology', '$992.00', '$992.00'], [3, 'Advanced radical alliance', '$451.00', '$451.00'], [4, 'Decentralized web-enabled core', '$559.00', '$559.00']]",3218.0,Bank of America,0123 4567 8901,support@reallygreatsite.com
Sullivan PLC,"1562 Lisa Lodge Apt. 313
East Stephanie, CA 63069",385-417-2997,19109069,"14 April, 2020",Lester-Duarte,"136 Amy Rapids
Alexshire, AR 09502","[[1, 'Profound background artificial intelligence', '$876.00', '$876.00'], [2, 'Persistent demand-driven implementation', '$798.00', '$798.00'], [3, 'Team-oriented web-enabled product', '$602.00', '$602.00']]",2276.0,Bank of America,0123 4567 8901,support@reallygreatsite.com
"Raymond, Johnson and Strickland","8584 Ryan Street Suite 317
New Leon, FL 28568",953.413.2636x3834,36280724,"28 January, 2019",Huff and Sons,"852 Meredith Circles Suite 608
East Kathymouth, PA 81603","[[1, 'Focused homogeneous benchmark', '$437.00', '$874.00'], [2, 'Total 3rdgeneration instruction set', '$875.00', '$875.00'], [3, 'Ameliorated zero administration attitude', '$398.00', '$398.00'], [4, 'Seamless mobile matrix', '$847.00', '$1694.00'], [5, 'Right-sized 3rdgeneration Graphic Interface', '$743.00', '$743.00']]",4584.0,Bank of America,0123 4567 8901,support@reallygreatsite.com
Rivera-Baker,"91269 Estes Station
Port Jessicaberg, OR 08850",041.825.3098x458,99100489,"21 August, 2020","Miller, Washington and Zamora","114 Anthony Rue Apt. 302
Port Ruth, VT 01065","[[1, 'Ameliorated contextually-based benchmark', '$1000.00', '$2000.00'], [2, 'Extended cohesive archive', '$699.00', '$699.00'], [3, 'Innovative asynchronous firmware', '$191.00', '$191.00'], [4, 'Seamless zero tolerance moratorium', '$160.00', '$320.00']]",3210.0,Bank of America,0123 4567 8901,support@reallygreatsite.com
Goodman-Perez,"58897 Steve Harbor
West Derek, PA 25736",153.253.2287,42914744,"12 May, 2021",Reeves Group,"743 Angela Mountains
West Carolineside, GA 52358","[[1, 'Public-key multimedia migration', '$455.00', '$910.00'], [2, 'Public-key even-keeled complexity', '$369.00', '$738.00'], [3, 'User-friendly tertiary projection', '$676.00', '$1352.00']]",3000.0,Bank of America,0123 4567 8901,support@reallygreatsite.com
Brown and Sons,"75765 Anderson Inlet
East Veronica, HI 87047",(446)349-8399,23431592,"13 December, 2020",Cline Inc,"183 Lopez Isle
North Nicholasshire, NM 39537","[[1, 'Universal motivating conglomeration', '$336.00', '$672.00'], [2, 'Optional intangible implementation', '$438.00', '$876.00'], [3, 'Networked dedicated encoding', '$609.00', '$1218.00'], [4, 'Intuitive cohesive hardware', '$532.00', '$532.00']]",3298.0,Bank of America,0123 4567 8901,support@reallygreatsite.com
Murphy PLC,"920 Nicholas Walks Apt. 624
South Elizabeth, LA 86851",943.228.1808x26122,69814272,"22 June, 2021",Cherry-Morrow,"739 Reyes Ports
Michelleland, MA 95437","[[1, 'Seamless systematic secured line', '$995.00', '$1990.00']]",1990.0,Bank of America,0123 4567 8901,support@reallygreatsite.com
Bush Group,"PSC 4974, Box 0270
APO AA 11028",7700488997,72688724,"20 January, 2023",Martin and Sons,"1778 Love Isle Suite 247
Johnchester, PR 61341","[[1, 'Multi-lateral stable artificial intelligence', '$619.00', '$1238.00']]",1238.0,Bank of America,0123 4567 8901,support@reallygreatsite.com
Maldonado PLC,"0086 Cindy Islands
Foxhaven, MT 85451",(530)257-4719x3784,53801147,"03 November, 2018",Wang-Harmon,"6861 Skinner Cliffs Suite 936
North Peggyberg, HI 88878","[[1, 'Fundamental demand-driven framework', '$474.00', '$948.00'], [2, 'Reverse-engineered hybrid info-mediaries', '$293.00', '$293.00']]",1241.0,Bank of America,0123 4567 8901,support@reallygreatsite.com
"Cox, Elliott and Robertson","3095 Derek Court
Beckerhaven, AK 81799",+1-946-506-3074x663,77718194,"15 May, 2021","Turner, Hernandez and Griffin","3786 Gonzalez River Suite 386
New Stephanie, OR 24084","[[1, 'Universal bi-directional matrices', '$339.00', '$339.00'], [2, 'Cross-group maximized methodology', '$148.00', '$296.00']]",635.0,Bank of America,0123 4567 8901,support@reallygreatsite.com
Hill Ltd,"270 Kathleen Station
Carlsontown, WA 19801",(965)333-4518x87903,50960036,"11 April, 2022",Wood LLC,"6294 Sanchez Common
West Anitaville, PW 04897","[[1, 'Object-based logistical model', '$441.00', '$441.00'], [2, 'Up-sized high-level service-desk', '$215.00', '$215.00'], [3, 'Cross-group well-modulated open architecture', '$745.00', '$745.00'], [4, 'Phased systematic attitude', '$355.00', '$710.00'], [5, 'Centralized uniform moratorium', '$429.00', '$858.00']]",2969.0,Bank of America,0123 4567 8901,support@reallygreatsite.com
"Moody, Snyder and Richard","14015 Timothy Neck Suite 281
East Kathleen, MD 94671",2466826375,71328012,"01 October, 2021","Baker, Higgins and Kennedy","6432 Stevenson Cliffs Suite 585
Griffithville, NV 26175","[[1, 'Centralized 3rdgeneration superstructure', '$532.00', '$532.00'], [2, 'Progressive 4thgeneration intranet', '$792.00', '$792.00']]",1324.0,Bank of America,0123 4567 8901,support@reallygreatsite.com
Boyd Inc,"62701 Cain Passage Apt. 558
Joshuahaven, MD 92018",(307)699-0638x049,98961311,"23 May, 2020","Martinez, Wilson and Green","675 Kyle Mall Apt. 504
Port Joseville, UT 17922","[[1, 'Total methodical approach', '$726.00', '$726.00']]",726.0,Bank of America,0123 4567 8901,support@reallygreatsite.com
"Adams, Gonzalez and Johnson","3836 Valdez River Apt. 862
Lake Jose, IN 42631",+1-659-706-5837x144,88968103,"13 September, 2022",Cook-Scott,"560 Tiffany Parkway Suite 073
Lake Kristy, VA 38859","[[1, 'Up-sized explicit interface', '$146.00', '$146.00']]",146.0,Bank of America,0123 4567 8901,support@reallygreatsite.com
Hernandez Group,"4725 Brittany Hill
Lawrenceton, PW 19801",009-464-8123x76185,44981451,"14 August, 2021",Nguyen-Anderson,"3822 Carson Light Apt. 870
Moorechester, WY 45361","[[1, 'Adaptive fresh-thinking throughput', '$124.00', '$248.00']]",248.0,Bank of America,0123 4567 8901,support@reallygreatsite.com
Lane-Griffith,"9100 Daisy Drive
Cuevasmouth, NJ 76264",+1-495-721-5752x01817,17506746,"26 July, 2022","Burns, Tanner and Thornton","261 Susan Radial Apt. 018
South Jamesport, AR 93934","[[1, 'Integrated composite Graphic Interface', '$935.00', '$935.00'], [2, 'Progressive intermediate Graphic Interface', '$195.00', '$195.00'], [3, 'Enhanced motivating capability', '$185.00', '$185.00'], [4, 'Cloned incremental core', '$593.00', '$593.00'], [5, 'Front-line asymmetric system engine', '$228.00', '$228.00']]",2136.0,Bank of America,0123 4567 8901,support@reallygreatsite.com
Monroe-Ortega,"49086 Hall Views Apt. 858
Lake Henry, WV 17377",+1-110-887-0698x66566,78392549,"23 January, 2023","Meyer, Pugh and Wood","5477 Lorraine Curve
Currychester, KY 56018","[[1, 'Multi-layered human-resource focus group', '$350.00', '$350.00'], [2, 'Up-sized encompassing task-force', '$263.00', '$526.00'], [3, 'Decentralized radical extranet', '$490.00', '$490.00'], [4, 'Automated disintermediate conglomeration', '$626.00', '$626.00']]",1992.0,Bank of America,0123 4567 8901,support@reallygreatsite.com
"Reed, Hester and Harris","090 Hector Expressway
East Juliashire, TX 25957",(196)099-8170,41317292,"17 July, 2022",Garcia-Cohen,"51428 Robinson Orchard Suite 933
Matthewmouth, MS 57862","[[1, 'Re-engineered content-based functionalities', '$833.00', '$833.00'], [2, 'Vision-oriented scalable support', '$346.00', '$692.00'], [3, 'Phased secondary methodology', '$643.00', '$1286.00'], [4, 'User-centric national groupware', '$939.00', '$939.00']]",3750.0,Bank of America,0123 4567 8901,support@reallygreatsite.com
Trevino-Fischer,"6937 Sullivan Viaduct
New Barry, CT 76968",001-839-710-2472x725,81059083,"17 September, 2019",Hodges and Sons,"12269 Savage Squares Suite 700
North Marilynport, MI 62571","[[1, 'Realigned bifurcated firmware', '$278.00', '$556.00'], [2, 'Ergonomic composite benchmark', '$642.00', '$642.00']]",1198.0,Bank of America,0123 4567 8901,support@reallygreatsite.com
Wright-Foster,"23174 Patricia Ford
Simonfurt, NY 47295",001-812-273-2480x9517,78109244,"26 May, 2019",Valentine-Little,"0606 Pamela Crossing Apt. 939
Kellyshire, NM 71927","[[1, 'Stand-alone human-resource knowledge user', '$480.00', '$960.00'], [2, 'Visionary system-worthy standardization', '$212.00', '$424.00'], [3, 'Self-enabling homogeneous service-desk', '$944.00', '$1888.00']]",3272.0,Bank of America,0123 4567 8901,support@reallygreatsite.com
Taylor-Stark,"049 Singh Crest Apt. 478
Port Alex, NH 03366",001-575-944-5310x41098,45313058,"20 December, 2022",Mclean Group,"8756 Cassandra Estate Suite 338
Justinborough, AZ 83268","[[1, 'Up-sized static structure', '$207.00', '$414.00'], [2, 'Object-based interactive open architecture', '$925.00', '$925.00'], [3, 'Persistent contextually-based middleware', '$279.00', '$279.00'], [4, 'Integrated systematic superstructure', '$526.00', '$526.00']]",2144.0,Bank of America,0123 4567 8901,support@reallygreatsite.com
"Long, Aguilar and Thompson","424 Erin Forks
West Rodney, KY 57461",569-690-1604x43533,77489854,"04 August, 2018","Peters, Howard and Silva","210 Jeffery Stream Apt. 082
Lake Michelle, NH 38825","[[1, 'Triple-buffered motivating encoding', '$164.00', '$164.00'], [2, 'Digitized systemic superstructure', '$304.00', '$304.00'], [3, 'Seamless cohesive concept', '$235.00', '$470.00'], [4, 'Cross-group mission-critical array', '$307.00', '$307.00']]",1245.0,Bank of America,0123 4567 8901,support@reallygreatsite.com
Roberts and Sons,"379 Pena Lodge
West Bonniemouth, GA 84061",+1-756-575-5379x68240,82141759,"18 March, 2021","Howard, Hall and Phillips","1282 Nicole Garden
South Amy, ME 23077","[[1, 'Profit-focused optimizing throughput', '$632.00', '$1264.00'], [2, 'Triple-buffered intermediate info-mediaries', '$294.00', '$294.00']]",1558.0,Bank of America,0123 4567 8901,support@reallygreatsite.com
"Marks, Brown and White","020 Weiss Union Suite 863
South Julian, WI 05392",+1-712-940-8606x960,98913278,"26 August, 2021",Huber-Glover,"903 Cathy Forge
North Loriton, MI 82427","[[1, 'Distributed client-server product', '$391.00', '$391.00'], [2, 'Sharable full-range product', '$482.00', '$482.00'], [3, 'Phased global firmware', '$169.00', '$338.00'], [4, 'Face-to-face actuating emulation', '$421.00', '$842.00']]",2053.0,Bank of America,0123 4567 8901,support@reallygreatsite.com
"Mills, Nelson and Patterson","122 Little Drive
Thomaschester, NC 87376",076-383-7329,97835634,"17 November, 2019","Gallegos, Mitchell and Foster","721 John Rest Suite 246
Howardburgh, ME 15454","[[1, 'Synergistic heuristic software', '$605.00', '$605.00'], [2, 'Team-oriented analyzing concept', '$495.00', '$990.00'], [3, 'Implemented composite frame', '$411.00', '$411.00']]",2006.0,Bank of America,0123 4567 8901,support@reallygreatsite.com
"Moon, Wagner and Morales","850 Wilson Expressway Apt. 383
Reedville, NH 34979",531.887.7963x774,50843797,"21 February, 2021",Garcia-Schroeder,"2728 Parker Mountains Suite 239
New James, MA 51910","[[1, 'Optional reciprocal forecast', '$406.00', '$406.00'], [2, 'Adaptive maximized ability', '$692.00', '$1384.00'], [3, 'Expanded encompassing infrastructure', '$571.00', '$1142.00'], [4, 'Customizable systematic core', '$165.00', '$165.00']]",3097.0,Bank of America,0123 4567 8901,support@reallygreatsite.com
Kirby-Ware,"7580 Carlson Neck Apt. 956
South Cynthia, OR 25815",001-809-835-6413x432,72847292,"19 December, 2021","Sims, Ferrell and George","89116 Phillip Way Apt. 290
Markborough, ND 05693","[[1, 'Synergistic real-time open architecture', '$716.00', '$1432.00'], [2, 'Operative bifurcated budgetary management', '$768.00', '$1536.00'], [3, 'Reverse-engineered exuding instruction set', '$281.00', '$281.00']]",3249.0,Bank of America,0123 4567 8901,support@reallygreatsite.com
"Mcdonald, Rush and Jefferson","470 Connie Center
Casestad, PA 17845",(281)364-4628x416,57768968,"26 February, 2019","Henson, Jordan and Stewart","9579 Hartman Gardens
Manuelview, VA 74067","[[1, 'Total upward-trending protocol', '$392.00', '$392.00'], [2, 'Open-source hybrid strategy', '$817.00', '$817.00'], [3, 'Upgradable optimal forecast', '$323.00', '$323.00'], [4, 'Self-enabling intermediate structure', '$675.00', '$675.00']]",2207.0,Bank of America,0123 4567 8901,support@reallygreatsite.com
"Martin, Rosales and Hammond","1879 Courtney Trace Apt. 571
Taylormouth, MS 47162",804-567-8695,16271800,"15 May, 2019",Avila LLC,"47744 Villarreal Springs
Samanthabury, ME 87275","[[1, 'Stand-alone analyzing productivity', '$664.00', '$1328.00']]",1328.0,Bank of America,0123 4567 8901,support@reallygreatsite.com
"Fernandez, Figueroa and Jordan","877 Davila Freeway Suite 255
Lake Jason, CT 28160",+1-318-922-3915x33599,82019085,"08 December, 2022","Shields, Smith and Jordan","80690 Stacie Shoals
Jenniferville, AS 49680","[[1, 'Open-source leadingedge Internet solution', '$745.00', '$745.00'], [2, 'Open-architected high-level moderator', '$733.00', '$1466.00']]",2211.0,Bank of America,0123 4567 8901,support@reallygreatsite.com
"Jones, Valencia and Olsen","59842 Julie Overpass
Millermouth, PW 60014",001-158-630-8689x741,84611516,"03 October, 2018",White Ltd,"078 Oneill Orchard Apt. 223
Mooreton, SC 86121","[[1, 'Optimized even-keeled groupware', '$107.00', '$107.00'], [2, 'Cloned secondary conglomeration', '$312.00', '$624.00']]",731.0,Bank of America,0123 4567 8901,support@reallygreatsite.com
"Parker, Wilson and Barr","73655 Michele Roads
Scottton, MA 43473",001-780-976-3987x3947,14016090,"02 May, 2020",Huynh and Sons,"Unit 3218 Box 4099
DPO AE 07148","[[1, 'Versatile zero-defect open architecture', '$717.00', '$717.00'], [2, 'Exclusive composite secured line', '$820.00', '$1640.00'], [3, 'Cross-group 24hour knowledgebase', '$818.00', '$818.00'], [4, 'Networked system-worthy conglomeration', '$878.00', '$1756.00'], [5, 'Profit-focused multimedia challenge', '$201.00', '$201.00']]",5132.0,Bank of America,0123 4567 8901,support@reallygreatsite.com
Barrett-Herrera,"20870 Edwards Causeway
West Bradley, FL 63575",001-647-041-6964x6781,83615192,"18 January, 2020",Collins Ltd,"21406 Meyer Lane
West Kathleenside, CA 29670","[[1, 'Up-sized eco-centric capacity', '$817.00', '$817.00']]",817.0,Bank of America,0123 4567 8901,support@reallygreatsite.com
Soto Group,"3894 Ali Mount
Robertmouth, NV 39664",3654435705,41863103,"28 June, 2018",Thompson Group,"72376 Mclaughlin Vista
Port Wendymouth, OK 29248","[[1, 'Optional bifurcated info-mediaries', '$548.00', '$548.00'], [2, 'Team-oriented contextually-based analyzer', '$561.00', '$1122.00'], [3, 'Monitored multimedia product', '$573.00', '$1146.00']]",2816.0,Bank of America,0123 4567 8901,support@reallygreatsite.com
Heath-Neal,"0536 Kevin Lodge
Lake Amanda, HI 06152",(587)058-2545,94658420,"24 December, 2021",Garcia LLC,"13772 James Port Suite 137
Carrilloshire, IL 18233","[[1, 'Implemented maximized standardization', '$689.00', '$1378.00'], [2, 'Focused full-range attitude', '$768.00', '$1536.00'], [3, 'Adaptive bottom-line framework', '$322.00', '$644.00']]",3558.0,Bank of America,0123 4567 8901,support@reallygreatsite.com
Daniel-Everett,"78659 Lee Knolls
West Davidberg, ME 89642",(815)071-4642x56219,41225933,"15 November, 2020",Williams Inc,"1045 Tom Spring
Rebeccahaven, SC 72933","[[1, 'Customer-focused scalable encoding', '$182.00', '$182.00'], [2, 'Polarized national leverage', '$595.00', '$1190.00'], [3, 'Cloned disintermediate functionalities', '$986.00', '$986.00'], [4, 'Multi-lateral value-added help-desk', '$874.00', '$1748.00'], [5, 'Grass-roots global moratorium', '$814.00', '$814.00']]",4920.0,Bank of America,0123 4567 8901,support@reallygreatsite.com
Taylor-Smith,"7554 Christina Brook
Smallview, KY 65224",+1-055-662-9494x0893,73259159,"10 January, 2020",Mccoy PLC,"84703 Smith Estate Suite 995
Edwardfort, DE 43416","[[1, 'Decentralized analyzing algorithm', '$146.00', '$146.00']]",146.0,Bank of America,0123 4567 8901,support@reallygreatsite.com
Gonzalez-Wells,"68469 Julia Mall Apt. 366
Lauramouth, HI 31412",(278)894-7366x82385,41571794,"13 February, 2021",Miles-Barker,"8641 Doyle Knolls Suite 339
South Timport, ID 85476","[[1, 'Exclusive coherent workforce', '$655.00', '$655.00']]",655.0,Bank of America,0123 4567 8901,support@reallygreatsite.com
Cameron Inc,"5982 Shaffer Throughway
Port Samanthaland, IL 05702",+1-261-473-8775x218,64125956,"25 April, 2021",Boyd PLC,"194 Waters Road Suite 550
Richardmouth, UT 35009","[[1, 'Down-sized dedicated parallelism', '$710.00', '$710.00'], [2, 'Exclusive client-driven secured line', '$762.00', '$762.00'], [3, 'Total directional methodology', '$696.00', '$1392.00']]",2864.0,Bank of America,0123 4567 8901,support@reallygreatsite.com
Durham-Rogers,"31121 Guerrero Fort Apt. 715
East Karen, NJ 11959",(440)325-0581x218,20309804,"07 March, 2020",Vaughn-Marsh,"59852 Rogers Fort
Levystad, OH 13607","[[1, 'Implemented 4thgeneration flexibility', '$657.00', '$657.00'], [2, 'Total 24hour solution', '$511.00', '$1022.00']]",1679.0,Bank of America,0123 4567 8901,support@reallygreatsite.com
Graham and Sons,"8664 Chandler Throughway Suite 990
Joseland, CT 68865",508.527.4786x027,20940064,"18 September, 2018","King, Neal and Lee","57276 Wanda Course
Marcusland, WI 50267","[[1, 'Monitored analyzing superstructure', '$951.00', '$1902.00']]",1902.0,Bank of America,0123 4567 8901,support@reallygreatsite.com
Smith Ltd,"0840 Stephen Streets Apt. 275
North Edward, TN 44881",9525231398,79418475,"02 July, 2020",May-Morales,"9952 Victoria Garden Suite 884
East Kayla, CA 05450","[[1, 'Extended zero administration moderator', '$385.00', '$385.00'], [2, 'Inverse leadingedge Graphical User Interface', '$247.00', '$247.00'], [3, 'Diverse next generation infrastructure', '$486.00', '$972.00'], [4, 'Focused human-resource productivity', '$471.00', '$471.00'], [5, 'Organized intermediate structure', '$495.00', '$495.00']]",2570.0,Bank of America,0123 4567 8901,support@reallygreatsite.com
"Roy, Clark and Fox","3033 Rivera Mountain
Jasontown, NC 54583",+1-090-669-4330x91464,78879641,"02 September, 2022",Gallegos and Sons,"6190 Casey Rapid
Sosaport, MS 20225","[[1, 'Synchronized background capacity', '$297.00', '$594.00']]",594.0,Bank of America,0123 4567 8901,support@reallygreatsite.com
"White, Jenkins and Brown","62750 Scott Grove Suite 048
South Michaelland, OR 40839",+1-386-777-3811x930,45208354,"07 April, 2022",Miller PLC,"80873 David Manor Apt. 658
Mariahbury, MO 23020","[[1, 'Innovative clear-thinking website', '$295.00', '$590.00']]",590.0,Bank of America,0123 4567 8901,support@reallygreatsite.com
"Pruitt, Buck and Jones","612 Nunez Forge
Taylorfurt, NY 23439",115-243-9034x978,58668313,"30 June, 2021","Delgado, Garcia and Conner","294 Ebony Flats Suite 697
Matthewhaven, NV 85687","[[1, 'Upgradable cohesive approach', '$395.00', '$395.00'], [2, 'Cloned bandwidth-monitored leverage', '$144.00', '$144.00'], [3, 'Persistent uniform frame', '$320.00', '$320.00']]",859.0,Bank of America,0123 4567 8901,support@reallygreatsite.com
Hooper-Sheppard,"118 Alan Hills Suite 534
East Dawnbury, NH 29941",986.644.3119x3157,27831013,"18 October, 2022",Ross-Sanders,"960 Rivera Haven Apt. 648
Rileyport, CO 14073","[[1, 'Fully-configurable responsive ability', '$540.00', '$1080.00'], [2, 'Automated analyzing instruction set', '$649.00', '$1298.00'], [3, 'Universal encompassing capability', '$193.00', '$193.00'], [4, 'Up-sized intangible budgetary management', '$681.00', '$1362.00'], [5, 'Horizontal solution-oriented analyzer', '$572.00', '$1144.00']]",5077.0,Bank of America,0123 4567 8901,support@reallygreatsite.com
Gibbs PLC,"8449 Payne Turnpike
Jacksonport, PA 05054",1859629989,12253417,"21 April, 2019","Howell, Henry and Smith","6251 Nguyen Mountain
West Jennifer, ID 28396","[[1, 'Automated reciprocal workforce', '$795.00', '$795.00'], [2, 'Implemented dedicated circuit', '$973.00', '$973.00'], [3, 'User-centric solution-oriented matrices', '$412.00', '$412.00']]",2180.0,Bank of America,0123 4567 8901,support@reallygreatsite.com
Higgins Inc,"4522 Brown Turnpike Apt. 125
Adamfort, KS 41360",859-847-3645x4898,99475718,"04 January, 2022",Cantu PLC,"Unit 3518 Box 6672
DPO AE 75982","[[1, 'Intuitive next generation success', '$988.00', '$988.00'], [2, 'Optional human-resource Graphical User Interface', '$546.00', '$546.00']]",1534.0,Bank of America,0123 4567 8901,support@reallygreatsite.com
"Williams, Lozano and Robinson","41351 Katie Throughway Suite 537
Lake Collin, TX 56479",+1-777-255-5508x317,56973683,"04 July, 2022","Rivers, King and Goodman","26367 Diane Estate
North Christopherview, PW 89379","[[1, 'Pre-emptive responsive paradigm', '$183.00', '$366.00'], [2, 'Proactive encompassing array', '$304.00', '$304.00']]",670.0,Bank of America,0123 4567 8901,support@reallygreatsite.com
Collins-Lee,"51857 Tara Burgs
New Diane, WY 38575",065.156.4618x588,12243889,"22 March, 2022",Smith PLC,"26871 Daniel Dale Apt. 621
Michaelstad, MH 71614","[[1, 'Devolved foreground software', '$214.00', '$214.00'], [2, 'Cross-platform stable knowledge user', '$549.00', '$549.00']]",763.0,Bank of America,0123 4567 8901,support@reallygreatsite.com
Sanders and Sons,"582 Cooper Spur
New Alicia, DE 33012",438.337.6873x052,87438107,"05 December, 2020","Harvey, Mcclure and Wagner","6682 Justin Via
Kellyside, MO 01804","[[1, 'Re-engineered optimal secured line', '$999.00', '$999.00'], [2, 'Networked bottom-line data-warehouse', '$846.00', '$1692.00'], [3, 'Sharable user-facing open architecture', '$590.00', '$590.00'], [4, 'Devolved grid-enabled extranet', '$816.00', '$1632.00']]",4913.0,Bank of America,0123 4567 8901,support@reallygreatsite.com
Washington LLC,"171 Michael Branch
Mooreport, MT 28602",944-888-7974x17787,40811003,"11 August, 2022",Flores Ltd,"096 Katelyn Pine
Berryton, AL 85596","[[1, 'Synergistic dedicated budgetary management', '$706.00', '$1412.00'], [2, 'Decentralized attitude-oriented help-desk', '$914.00', '$1828.00'], [3, 'Open-source bi-directional hardware', '$553.00', '$553.00'], [4, 'Integrated zero tolerance orchestration', '$555.00', '$555.00'], [5, 'Function-based object-oriented encoding', '$194.00', '$194.00']]",4542.0,Bank of America,0123 4567 8901,support@reallygreatsite.com
Adams-Gibbs,"468 Wiggins Mountain
Port Christinaborough, WY 41291",+1-503-409-3418x35842,55412711,"23 March, 2021","Brown, Case and Jenkins","55037 Cherry Village
Lake Anthonyshire, WY 21080","[[1, 'Switchable stable groupware', '$443.00', '$886.00'], [2, 'Virtual mission-critical protocol', '$158.00', '$158.00']]",1044.0,Bank of America,0123 4567 8901,support@reallygreatsite.com
Moses LLC,"003 Ford Streets Suite 864
East Lee, DE 44866",(958)412-6223x96451,60709322,"21 March, 2020",Young and Sons,"8034 Figueroa Circle Apt. 417
Stephenmouth, WV 16194","[[1, 'De-engineered discrete open system', '$787.00', '$787.00'], [2, 'Streamlined 24hour knowledge user', '$822.00', '$822.00'], [3, 'Synergistic methodical algorithm', '$719.00', '$1438.00'], [4, 'Exclusive reciprocal concept', '$838.00', '$838.00']]",3885.0,Bank of America,0123 4567 8901,support@reallygreatsite.com
Ballard-Price,"6363 Debbie Unions
New Amandahaven, WV 52236",001-507-994-2958,73090686,"10 January, 2021",Summers-Sims,"USCGC Shelton
FPO AA 37482","[[1, 'Organic heuristic attitude', '$542.00', '$1084.00'], [2, 'Synchronized hybrid attitude', '$602.00', '$602.00']]",1686.0,Bank of America,0123 4567 8901,support@reallygreatsite.com
Henry-Trevino,"90525 Bonilla Inlet Suite 310
Wernerbury, WV 70778",+1-503-059-4543x9211,10454088,"13 March, 2020",Flynn Ltd,"PSC 2764, Box 0590
APO AA 99776","[[1, 'Profound static customer loyalty', '$299.00', '$598.00'], [2, 'Business-focused secondary utilization', '$231.00', '$231.00'], [3, 'Distributed neutral encoding', '$477.00', '$477.00'], [4, 'Up-sized stable process improvement', '$876.00', '$876.00']]",2182.0,Bank of America,0123 4567 8901,support@reallygreatsite.com
Bruce-Christensen,"544 Yolanda Shore
North Mariatown, FL 54771",+1-369-787-5667x152,13279806,"19 May, 2018",Clark-Lopez,"PSC 6237, Box 2008
APO AE 21473","[[1, 'Focused responsive task-force', '$211.00', '$211.00'], [2, 'Programmable system-worthy Graphic Interface', '$461.00', '$461.00'], [3, 'Optimized systematic Internet solution', '$589.00', '$1178.00'], [4, 'Devolved well-modulated moratorium', '$169.00', '$338.00'], [5, 'Universal value-added secured line', '$273.00', '$273.00']]",2461.0,Bank of America,0123 4567 8901,support@reallygreatsite.com
Rogers Ltd,"475 John Mountain Apt. 085
Kevinborough, LA 80362",001-722-351-2474x0166,15184346,"25 January, 2023",Sutton Group,"7336 Sierra Parkway Apt. 424
Myerschester, HI 26929","[[1, 'Right-sized motivating attitude', '$359.00', '$718.00'], [2, 'Synergistic upward-trending artificial intelligence', '$867.00', '$1734.00'], [3, 'Sharable intermediate process improvement', '$275.00', '$550.00'], [4, 'Compatible context-sensitive secured line', '$219.00', '$438.00']]",3440.0,Bank of America,0123 4567 8901,support@reallygreatsite.com
Mccarty Ltd,"948 Randy Point Apt. 262
Bradleyshire, FL 91729",224.827.4160,51971603,"17 September, 2018","Smith, Wilson and Durham","753 Julie Wells Suite 346
West William, MO 88247","[[1, 'Cross-platform executive approach', '$297.00', '$297.00'], [2, 'Front-line asynchronous Internet solution', '$801.00', '$801.00'], [3, 'Polarized explicit orchestration', '$834.00', '$1668.00']]",2766.0,Bank of America,0123 4567 8901,support@reallygreatsite.com
Allen and Sons,"676 Greene Cliff Suite 339
East Michealview, TX 90881",(058)620-2961,46196229,"01 October, 2018",Walls-Evans,"29557 Shannon Trace
Edwardborough, MS 34301","[[1, 'Vision-oriented modular help-desk', '$611.00', '$611.00'], [2, 'Secured multimedia middleware', '$967.00', '$967.00']]",1578.0,Bank of America,0123 4567 8901,support@reallygreatsite.com
"Colon, Avery and White","75994 Glenda Roads Apt. 618
East Lisa, UT 68344",586.037.3125x135,72108930,"11 March, 2021",Clark-Pearson,"23824 Schneider Fort Suite 547
Lake Samuel, OR 67394","[[1, 'Profit-focused contextually-based installation', '$380.00', '$380.00'], [2, 'Assimilated content-based matrix', '$993.00', '$993.00'], [3, 'Progressive disintermediate moderator', '$517.00', '$1034.00']]",2407.0,Bank of America,0123 4567 8901,support@reallygreatsite.com
Roberts-Scott,"9028 Matthew Ways Apt. 546
Cynthiamouth, IA 95006",+1-589-489-8779x297,59986712,"20 April, 2020",Clark-Nguyen,"5551 Todd Mission Apt. 832
Woodsfort, VT 42868","[[1, 'Up-sized high-level toolset', '$903.00', '$903.00']]",903.0,Bank of America,0123 4567 8901,support@reallygreatsite.com
Jimenez Ltd,"952 Marcus Estate Apt. 591
Moratown, HI 19141",0926920962,48607285,"29 August, 2018","Dunn, Wyatt and Howard","7674 Matthew Course
Lisashire, RI 17968","[[1, 'Optional client-server groupware', '$383.00', '$383.00'], [2, 'Devolved transitional Local Area Network', '$853.00', '$1706.00'], [3, 'Versatile uniform capability', '$367.00', '$734.00']]",2823.0,Bank of America,0123 4567 8901,support@reallygreatsite.com
Welch-Hall,"6025 Davis Canyon Suite 240
Lake Russellton, MO 03583",+1-653-711-9629x9443,83554394,"20 April, 2022",French and Sons,"6872 Gregory Parkway Suite 920
Cainland, NE 34186","[[1, 'Front-line next generation encoding', '$468.00', '$468.00'], [2, 'Mandatory didactic orchestration', '$114.00', '$114.00'], [3, 'Seamless 3rdgeneration intranet', '$629.00', '$1258.00'], [4, 'Optional transitional moratorium', '$778.00', '$1556.00']]",3396.0,Bank of America,0123 4567 8901,support@reallygreatsite.com
Zamora Ltd,"8253 Valentine Center
Maryborough, VT 73889",+1-429-728-6294x63490,85153842,"17 July, 2019",Welch-Thompson,"915 Young Lock Suite 643
Chelseafurt, MN 34090","[[1, 'Ameliorated secondary contingency', '$768.00', '$768.00'], [2, 'Reduced heuristic core', '$570.00', '$570.00'], [3, 'Digitized intangible framework', '$518.00', '$1036.00'], [4, 'Virtual stable structure', '$814.00', '$1628.00'], [5, 'Phased local matrices', '$776.00', '$1552.00']]",5554.0,Bank of America,0123 4567 8901,support@reallygreatsite.com
Paul Ltd,"3652 Regina Summit Apt. 642
South Paige, KY 23783",496.063.6213x21594,58798331,"16 June, 2019","Williams, Kennedy and Harris","617 Jamie Meadows
Andreachester, MO 76535","[[1, 'Fundamental object-oriented synergy', '$472.00', '$472.00'], [2, 'Distributed clear-thinking contingency', '$975.00', '$1950.00'], [3, 'Polarized grid-enabled conglomeration', '$316.00', '$316.00'], [4, 'Diverse 24/7 structure', '$107.00', '$107.00']]",2845.0,Bank of America,0123 4567 8901,support@reallygreatsite.com
Morrow-Stevens,"9874 Scott Point
Port Jeremyside, MA 60316",554-855-3809x90096,39892066,"05 December, 2021","Daniels, Howell and Walker","716 Maureen Trace
Lake Christopherberg, FM 49515","[[1, 'Balanced background Graphic Interface', '$258.00', '$258.00'], [2, 'Synergized multi-tasking implementation', '$586.00', '$1172.00'], [3, 'Polarized even-keeled infrastructure', '$493.00', '$986.00'], [4, 'Distributed real-time Internet solution', '$579.00', '$1158.00'], [5, 'De-engineered intangible interface', '$118.00', '$118.00']]",3692.0,Bank of America,0123 4567 8901,support@reallygreatsite.com
"Stafford, Thompson and Ramos","22093 Jean Plaza
Salazarport, DE 43991",001-558-535-9606x1423,24505256,"13 October, 2021",Hawkins Group,"42847 Miller Cape
Moralesstad, VA 54180","[[1, 'Monitored executive architecture', '$563.00', '$1126.00'], [2, 'Customizable human-resource attitude', '$156.00', '$312.00'], [3, 'Synchronized 5thgeneration approach', '$411.00', '$822.00']]",2260.0,Bank of America,0123 4567 8901,support@reallygreatsite.com
Bauer and Sons,"10606 Amanda Views
West Julia, AZ 07691",017.016.4048,39721606,"10 April, 2019",Wallace-Walker,"02940 Davis Bypass
New Anneland, NJ 08305","[[1, 'Synergistic client-server superstructure', '$363.00', '$363.00'], [2, 'Customizable dedicated initiative', '$596.00', '$596.00'], [3, 'Polarized reciprocal time-frame', '$822.00', '$1644.00'], [4, 'Cross-group mission-critical toolset', '$146.00', '$292.00'], [5, 'Universal context-sensitive conglomeration', '$383.00', '$383.00']]",3278.0,Bank of America,0123 4567 8901,support@reallygreatsite.com
"Ramos, Phillips and Allen","3730 Pace Wells
Greenview, CO 86133",(644)448-1859,46530412,"17 November, 2022","Avila, Galvan and Hill","USNS Long
FPO AA 95228","[[1, 'Reactive coherent capacity', '$462.00', '$462.00'], [2, 'Object-based responsive infrastructure', '$998.00', '$998.00'], [3, 'Multi-lateral bifurcated product', '$544.00', '$1088.00']]",2548.0,Bank of America,0123 4567 8901,support@reallygreatsite.com
Lopez-Bishop,"USNV Moore
FPO AP 20466",001-180-812-3476x90160,74195006,"02 November, 2018","Blevins, Orozco and Taylor","592 Jennifer Branch
Welchmouth, NE 88066","[[1, 'De-engineered 6thgeneration task-force', '$406.00', '$406.00'], [2, 'Customer-focused executive neural-net', '$403.00', '$403.00']]",809.0,Bank of America,0123 4567 8901,support@reallygreatsite.com
Garrett-Cruz,"7563 Kelly Rapid Apt. 709
Lake Kellyburgh, GA 05136",001-464-039-0367,61233201,"28 March, 2018","Phillips, Frey and Villegas","37230 Paula Mission
Mooreport, TX 06881","[[1, 'Enhanced solution-oriented info-mediaries', '$433.00', '$433.00']]",433.0,Bank of America,0123 4567 8901,support@reallygreatsite.com
West Inc,"7542 Schultz Harbors
West Stevenview, OH 09843",677.690.8840,78736267,"29 June, 2020",Brooks PLC,"81127 Guzman Route Suite 673
East Stephanie, NE 39280","[[1, 'Compatible content-based artificial intelligence', '$143.00', '$286.00'], [2, 'Quality-focused 6thgeneration initiative', '$532.00', '$1064.00']]",1350.0,Bank of America,0123 4567 8901,support@reallygreatsite.com
"Johnson, Taylor and Ashley","98698 Nicholas Street
Heidiview, AS 46875",(573)268-3560,65344790,"11 December, 2022",Williams-Fox,"9819 Riddle Junctions
Williamview, MI 06246","[[1, 'Centralized intangible implementation', '$875.00', '$1750.00'], [2, 'Future-proofed full-range software', '$325.00', '$325.00'], [3, 'Vision-oriented incremental artificial intelligence', '$742.00', '$742.00']]",2817.0,Bank of America,0123 4567 8901,support@reallygreatsite.com
Garrett-Stewart,"926 Mckenzie Springs
Ashleyport, VA 12004",027.875.8025,56793719,"28 October, 2020","Hoffman, Dickson and Dean","9598 Davidson Glen Suite 194
Ryanburgh, CO 26779","[[1, 'Multi-tiered mission-critical functionalities', '$821.00', '$821.00'], [2, 'Distributed encompassing software', '$534.00', '$1068.00']]",1889.0,Bank of America,0123 4567 8901,support@reallygreatsite.com
"Anderson, Solis and Dunn","75629 Sandra Inlet Suite 253
South Eric, MI 55981",(384)683-8941x5786,86871110,"31 October, 2020","Wright, Phillips and Wilson","26326 Mary Run Suite 439
South Wendyton, PA 33874","[[1, 'Polarized empowering hierarchy', '$636.00', '$636.00'], [2, 'Ergonomic fresh-thinking benchmark', '$947.00', '$947.00']]",1583.0,Bank of America,0123 4567 8901,support@reallygreatsite.com
