ABN,issuer,issuer_address,billing_address,invoice_n,date,date_period,reference_n,billed_to,total_without_GST,GST,total_with_GST,data
14064480659,Gross-Ramsey Pty Ltd,"719 Rowe Dale, Brownchester, KY 05888","269 Gutierrez Stream Suite 024, Dixonland, ME 51927",6799c033-4823-459c-8a5a-d718c19b30b0,27/06/2003,24/07/2015,4882345,Mr. Michael Robbins,971.75,97.18,1068.93,"[[""18/03/2012"", ""generate best-of-breed experiences"", 216.89], [""19/02/2022"", ""embrace intuitive relationships"", 284.69], [""30/05/2017"", ""re-contextualize user-centric info-mediaries"", 107.99], [""18/08/2011"", ""generate ubiquitous e-services"", 50.91], [""07/08/2017"", ""unleash compelling ROI"", 311.27]]"
69593264111,Smith-Gregory Pty Ltd,"44140 Christopher Key, Laurafurt, NE 12387","USNV Lee, FPO AP 13300",02f3e76d-35d8-409e-8754-1464b96b4a87,15/09/2001,22/10/2020,2057751,Sarah Hall,1641.72,164.17,1805.89,"[[""18/11/2002"", ""extend mission-critical systems"", 427.56], [""22/06/1996"", ""extend B2C methodologies"", 397.22], [""08/09/2007"", ""productize vertical relationships"", 410.14], [""01/06/2003"", ""streamline innovative mindshare"", 406.8]]"
42035554034,Price Group Pty Ltd,"0946 Jessica Ridge Apt. 463, East Michealside, MT 26527","613 Chavez Light, Port Toddburgh, MD 58110",9243d496-099e-4cdb-aa6e-355717dacac6,12/07/2012,27/02/2001,3114559,Todd Smith,715.12,71.51,786.63,"[[""15/08/2018"", ""extend interactive channels"", 244.28], [""23/02/2007"", ""whiteboard global web-readiness"", 307.22], [""30/07/2022"", ""brand enterprise synergies"", 4.73], [""28/10/2008"", ""transform bleeding-edge action-items"", 117.05], [""26/11/2017"", ""disintermediate vertical web services"", 41.84]]"
36290562962,Moore Group Pty Ltd,"37642 Kayla Circle Apt. 553, Myersburgh, VT 13892","62023 Gomez Radial, Oscartown, FL 21358",7b2a3833-5cb8-4908-a2d2-3e41154036d3,05/12/2000,05/07/2019,2282024,Dr. Corey Scott DDS,700.84,70.08,770.92,"[[""25/08/2013"", ""maximize global infrastructures"", 105.92], [""11/12/2010"", ""engineer B2C niches"", 95.8], [""07/02/2015"", ""exploit rich ROI"", 499.12]]"
57343887240,"Moore, Collins and Benson Pty Ltd","USS Anderson, FPO AP 00869","3523 Tyler Point, Port Christinaburgh, AZ 37305",737cfdf7-8d1e-4b2b-904e-d9f4f8e7abf4,23/06/2007,11/07/1995,4296837,Nathan Reilly,1260.62,126.06,1386.68,"[[""28/06/2007"", ""enhance sticky initiatives"", 497.29], [""11/11/2011"", ""morph strategic systems"", 326.88], [""08/09/2013"", ""facilitate front-end e-tailers"", 436.45]]"
21850218401,Rasmussen Inc Pty Ltd,"4028 Summer Highway Apt. 794, New Dillonton, PR 77320","57192 Andre Road, Heatherberg, MS 51997",13f3c2c4-f6f8-4815-afdf-d734d0ecac34,06/02/2012,18/05/2013,2017067,Crystal Lara,317.01,31.7,348.71,"[[""31/05/2006"", ""deliver global convergence"", 317.01]]"
51045229412,"Reid, Cross and Page Pty Ltd","82464 Mayer Mountains Apt. 043, New Cynthia, TX 58936","USNS Robinson, FPO AE 89740",9b8d3d7c-111f-47a8-8ae8-49a69c4b4232,25/08/1997,21/06/2001,6451317,Matthew Green,947.84,94.78,1042.62,"[[""25/07/1996"", ""exploit end-to-end communities"", 264.09], [""28/03/2014"", ""grow 24/365 e-services"", 192.9], [""12/11/1994"", ""innovate extensible synergies"", 122.46], [""20/09/2016"", ""maximize rich functionalities"", 362.46], [""07/05/1994"", ""maximize robust platforms"", 5.93]]"
43169024455,Nelson-Stein Pty Ltd,"59323 Patrick Streets, Andersonborough, NJ 47299","078 Rebecca Via, Antoniomouth, VT 94192",cc56c143-4224-4e00-b935-d79307df839f,10/09/2001,12/04/2006,3732989,Keith Thornton,699.68,69.97,769.65,"[[""24/12/2008"", ""deploy seamless web services"", 84.62], [""23/09/2008"", ""maximize back-end methodologies"", 273.3], [""15/10/2010"", ""transition out-of-the-box architectures"", 341.76]]"
51764815290,Russell-Walsh Pty Ltd,"70715 Thomas Parkway, Lake Paulville, VA 50503","95865 Elizabeth Village, Lindsayfort, PA 27791",f4a4117a-82ea-4e8f-b134-8c7fc810e443,04/02/2011,15/05/2017,7045385,Justin Long,1227.89,122.79,1350.68,"[[""29/12/2000"", ""integrate granular web-readiness"", 240.2], [""20/06/2014"", ""engage revolutionary paradigms"", 426.23], [""02/09/2000"", ""architect cutting-edge info-mediaries"", 376.18], [""17/02/2015"", ""synergize killer methodologies"", 185.28]]"
25965438692,Gutierrez-Mcdonald Pty Ltd,"0817 Elizabeth Hill, Latoyaborough, OR 56535","975 Sean Pines Apt. 777, West Brianburgh, DE 90361",b7d7ce57-2c9f-4458-a9cf-474e1ebb82ae,20/07/2012,01/05/2018,3438913,Marie Miles,509.2,50.92,560.12,"[[""20/06/2000"", ""mesh 24/7 deliverables"", 92.5], [""15/05/2002"", ""transform end-to-end platforms"", 255.08], [""22/09/2006"", ""aggregate global e-tailers"", 136.5], [""20/06/2019"", ""envisioneer collaborative web services"", 25.12]]"
24476532604,"Lopez, Weaver and George Pty Ltd","1944 Spencer Village Suite 949, Kellyside, OH 81748","693 Sara Station Suite 426, Port Christine, MT 64992",400c2a90-5643-4d8a-8091-49282333c701,13/02/2023,19/09/2004,8386108,Rachel Fernandez,419.07,41.91,460.98,"[[""20/04/1998"", ""e-enable dynamic e-commerce"", 419.07]]"
95563675439,Myers-Hayes Pty Ltd,"18912 Glenn Inlet Apt. 592, Thomasfurt, RI 99804","004 Kim Camp, Martinstad, PA 57372",9bdd7960-0e76-4624-8606-d8d7255f8a81,29/09/2022,25/05/2021,8893255,Mrs. Patricia Odonnell,1518.82,151.88,1670.7,"[[""13/07/1996"", ""syndicate sticky infrastructures"", 154.8], [""21/06/1995"", ""benchmark collaborative niches"", 494.02], [""17/04/1993"", ""monetize bleeding-edge relationships"", 318.44], [""01/10/2004"", ""deliver frictionless e-markets"", 71.3], [""13/11/1996"", ""visualize user-centric systems"", 480.26]]"
56387259331,"Campbell, Simon and Jimenez Pty Ltd","9277 Sellers Lock, North Jamestown, VA 34529","839 Jones Throughway Apt. 439, Georgemouth, AR 05847",e1a97cd2-6287-4819-81c3-8f4736ee3c80,26/03/2006,31/08/2009,8075492,Lonnie Saunders,836.22,83.62,919.84,"[[""19/05/2015"", ""re-contextualize bleeding-edge vortals"", 147.29], [""01/11/1995"", ""redefine ubiquitous markets"", 213.96], [""05/04/2013"", ""redefine strategic applications"", 474.97]]"
95228981930,Phillips-Kelley Pty Ltd,"71478 Denise Underpass Apt. 796, Burgessport, CT 07197","1692 Shelton Isle Apt. 420, Riveratown, WA 35707",7cbc5221-c32c-4a92-991d-ddfe73ffcf03,30/11/1996,07/01/2004,1277089,Brittany Howell,913.62,91.36,1004.98,"[[""08/04/2022"", ""synthesize web-enabled applications"", 98.78], [""27/01/2022"", ""grow dynamic metrics"", 148.59], [""26/05/1993"", ""enhance distributed partnerships"", 351.83], [""22/06/2017"", ""iterate transparent mindshare"", 231.7], [""10/04/2018"", ""harness cutting-edge applications"", 82.72]]"
27298204442,Hopkins-Bryan Pty Ltd,"346 Gregg Garden Apt. 589, New Wayne, DE 82871","0838 Lowe Mission Apt. 059, East Cherylland, CO 20635",b9f7039d-a8eb-4f98-8759-cf528db27453,16/06/2018,30/03/1994,820924,Cheryl Welch,1358.85,135.88,1494.73,"[[""15/02/2010"", ""revolutionize plug-and-play content"", 171.34], [""31/12/2022"", ""repurpose distributed schemas"", 352.59], [""25/08/2010"", ""aggregate rich methodologies"", 134.09], [""26/07/1997"", ""drive virtual methodologies"", 432.2], [""03/04/2019"", ""visualize synergistic infrastructures"", 268.63]]"
9824879233,"Turner, Davis and Kane Pty Ltd","796 Todd Station Apt. 931, Danielview, DE 54637","88196 Lori Meadows, Hillfort, LA 30141",9ec67730-a50b-4963-84c1-0e0c22d61013,26/10/2001,16/01/2012,6499078,Christina Joseph,1272.12,127.21,1399.33,"[[""24/10/2004"", ""deploy out-of-the-box channels"", 52.88], [""18/09/2003"", ""aggregate out-of-the-box users"", 360.9], [""06/09/2007"", ""maximize viral e-commerce"", 227.04], [""04/09/2016"", ""envisioneer world-class bandwidth"", 249.56], [""08/02/2012"", ""deliver magnetic vortals"", 381.74]]"
55574967710,"Pollard, Clark and Thomas Pty Ltd","979 Amanda Freeway Suite 150, West Reneeview, VA 05102","047 Thomas Islands, Spencertown, IA 63165",eac000b0-eff8-4b94-8a4b-7ed86b5d80a3,16/10/2017,21/03/2017,6607304,Brett Wood,388.72,38.87,427.59,"[[""17/08/2008"", ""innovate viral functionalities"", 48.61], [""20/08/2021"", ""revolutionize cross-media info-mediaries"", 142.45], [""06/12/2007"", ""evolve holistic schemas"", 197.66]]"
43148745603,Lewis PLC Pty Ltd,"8095 King Plain Apt. 636, East Curtis, DE 71747","USS Ingram, FPO AA 85036",6b593753-d977-45b7-bbe7-3e729057c2f2,21/03/2004,19/04/2006,2137067,Emily Nelson,1129.43,112.94,1242.37,"[[""17/10/2021"", ""expedite ubiquitous content"", 21.97], [""16/02/1997"", ""e-enable clicks-and-mortar web-readiness"", 479.23], [""09/07/2021"", ""mesh customized bandwidth"", 465.61], [""07/04/1996"", ""iterate leading-edge communities"", 121.62], [""07/11/1999"", ""enable plug-and-play e-commerce"", 41.0]]"
38453717439,Russell LLC Pty Ltd,"USNS Glover, FPO AE 87809","7032 Thomas Cape Suite 248, West Jonathan, CA 08161",191e29ce-d32b-4ac1-8214-31c2b3a891dd,07/04/2022,20/01/2006,9973146,Shawn Gallegos,577.79,57.78,635.57,"[[""15/06/1995"", ""orchestrate enterprise markets"", 184.79], [""22/10/1995"", ""embrace best-of-breed markets"", 6.37], [""15/07/2003"", ""harness cutting-edge infrastructures"", 147.94], [""10/08/2004"", ""target user-centric users"", 238.69]]"
9648567274,Bell Inc Pty Ltd,"065 Brett Club Suite 617, East Troy, MH 67317","1824 Janet Canyon Apt. 053, East Andrew, CO 63875",ec250371-17f8-4e88-88b0-36e750c7cfcd,24/04/2001,15/12/2010,146298,Heather Morris,250.5,25.05,275.55,"[[""04/11/1993"", ""iterate virtual infrastructures"", 224.88], [""21/12/2000"", ""engage real-time users"", 25.62]]"
17207621434,"Livingston, Hernandez and Robinson Pty Ltd","376 John Mountain, Maryland, WI 53627","734 Brandon Camp, Jessicaberg, IL 76107",7723d256-a0f1-48ad-8fa9-0095ec045b0c,10/12/2000,16/06/2002,3230524,Kimberly Bowman,110.09,11.01,121.1,"[[""20/11/1995"", ""grow magnetic web services"", 110.09]]"
73546523186,Jackson PLC Pty Ltd,"83542 Robinson Mills, Port Jon, LA 17757","3081 Annette Ways Apt. 230, North Mariahchester, NE 88034",85df7bc4-729b-4c23-883f-5b0c3eae957f,31/05/2021,31/07/2013,8503932,Nicholas Jones,886.03,88.6,974.63,"[[""04/12/2014"", ""facilitate compelling initiatives"", 284.5], [""17/07/2015"", ""leverage global synergies"", 126.23], [""04/11/2004"", ""re-intermediate compelling experiences"", 231.22], [""02/04/2015"", ""deploy clicks-and-mortar web services"", 244.08]]"
258359439,"Mosley, Henry and Marquez Pty Ltd","USCGC Taylor, FPO AE 87869","PSC 8480, Box 6515, APO AP 57411",8b0a5b70-4c17-48ba-8096-d7f7e7058ebe,12/06/2015,24/02/1999,6314044,Joel Thompson,561.37,56.14,617.51,"[[""26/09/1993"", ""expedite interactive e-tailers"", 290.43], [""28/09/2015"", ""optimize bleeding-edge users"", 270.94]]"
55519328857,"Martin, Guzman and Weber Pty Ltd","2360 Douglas Crossing Suite 752, Maryfurt, IN 42411","5224 Matthew Spring, Onealside, NJ 90667",bd31cfed-66ef-4b60-b68b-9887573e0e9f,08/04/2008,06/02/2002,265430,Jason Parrish,183.45,18.34,201.79,"[[""24/01/1997"", ""exploit synergistic action-items"", 137.45], [""10/06/2005"", ""reinvent seamless mindshare"", 46.0]]"
53068396487,Cole-Harrison Pty Ltd,"62226 Parker Viaduct Apt. 821, Alexistown, VT 05377","PSC 1754, Box 5842, APO AE 28611",c0fd650a-6e03-472c-87b8-8021236dcfd0,30/04/2002,17/08/2009,9041418,Brandon Gilmore,667.41,66.74,734.15,"[[""24/10/2018"", ""harness open-source web-readiness"", 41.63], [""16/06/2021"", ""visualize dynamic web-readiness"", 428.55], [""10/02/2012"", ""matrix viral eyeballs"", 197.23]]"
83177728338,Stephens-Stephens Pty Ltd,"9386 Phelps Port Suite 910, North Brianna, RI 54861","2110 Jimmy Canyon Suite 372, Melissachester, MO 27232",1f2e0bf5-7f89-4ec4-b12d-453ec6e2c031,08/10/2003,22/11/2018,5023797,Mr. Matthew Allen,1059.72,105.97,1165.69,"[[""08/09/2013"", ""synthesize distributed niches"", 61.93], [""14/10/2002"", ""matrix best-of-breed portals"", 287.98], [""03/03/2005"", ""synergize out-of-the-box communities"", 211.66], [""03/04/2005"", ""transition dynamic convergence"", 498.15]]"
78321581939,Davis-Ross Pty Ltd,"0994 Amber Ports, East Timothymouth, MI 46538","16741 Donna Estates Suite 935, New Jenniferview, IL 28239",ca35bc50-bdbb-4c4f-b6db-f45a74c4b0ff,25/11/2011,06/07/2000,6723888,Jeffrey Martinez,91.78,9.18,100.96,"[[""11/02/1998"", ""morph integrated content"", 91.78]]"
30160240066,Patterson LLC Pty Ltd,"00779 Martin Brooks, Port Brittany, OK 18717","107 Ronald Ports Suite 569, Port Jessica, ME 16193",b8cf744d-96b2-4859-b25d-74a9d88b3be4,24/09/2019,23/03/2003,1714397,Erica Rios,199.81,19.98,219.79,"[[""26/09/2000"", ""target granular paradigms"", 14.92], [""17/05/2015"", ""scale web-enabled content"", 135.2], [""19/07/1994"", ""visualize next-generation partnerships"", 43.17], [""02/05/1994"", ""synergize seamless initiatives"", 6.52]]"
35553702780,"Juarez, Cox and Hernandez Pty Ltd","873 Harrison Throughway Suite 322, Wrightshire, WV 34428","07628 Seth Tunnel, Jonathanside, TN 66705",82c6b271-bcb1-4822-9ec3-f2e884b2e2f0,22/10/1997,30/07/2013,6006676,Mark Silva,538.34,53.83,592.17,"[[""12/08/2020"", ""leverage sticky portals"", 378.46], [""24/10/2020"", ""leverage visionary methodologies"", 159.88]]"
21482696208,Gonzalez-Gordon Pty Ltd,"06646 Martinez Mews, Jamesstad, ND 64479","778 Melissa Canyon Apt. 399, Michaelside, MT 80169",5b5f1973-3695-45d9-9158-94ed552cb1e9,17/06/1996,31/07/2003,5789983,Dr. Madison Wilson,765.6,76.56,842.16,"[[""30/12/1993"", ""engage proactive eyeballs"", 55.07], [""11/06/1997"", ""empower enterprise portals"", 449.89], [""07/06/2008"", ""grow transparent infrastructures"", 260.64]]"
7283257954,Ryan-Smith Pty Ltd,"35234 George Inlet Suite 886, Oliviafurt, GA 78973","3065 Pugh Plain Suite 654, Patriciafurt, IA 30605",b2a315ca-dcdb-4171-878f-8288f07f3d60,14/02/2014,24/04/2014,5795112,Lisa Gutierrez,1049.41,104.94,1154.35,"[[""05/04/2005"", ""target visionary e-business"", 111.99], [""26/05/2013"", ""incubate frictionless paradigms"", 319.98], [""07/12/2012"", ""generate open-source vortals"", 215.98], [""04/08/1997"", ""scale magnetic e-markets"", 401.46]]"
25163138338,Carpenter and Sons Pty Ltd,"4312 Brandi Orchard, South Jose, SC 59415","669 Katie Centers, Port Lisa, NV 57569",6ff1840d-8ec3-47e6-b56a-89cef67715c6,06/02/2017,26/08/2008,4362055,Brianna Olson,393.76,39.38,433.14,"[[""19/02/2021"", ""disintermediate holistic channels"", 393.76]]"
37825326259,"Jenkins, Davis and Henderson Pty Ltd","270 French Viaduct, Jeremychester, UT 17280","93907 Robert Lane, Carrollshire, AR 98259",207ea318-e14f-446a-8910-42d2e85d3989,04/06/2012,09/05/2004,9681361,Anthony Smith,1402.47,140.25,1542.72,"[[""07/07/1998"", ""architect front-end applications"", 362.79], [""23/09/2020"", ""aggregate bricks-and-clicks initiatives"", 331.05], [""05/09/2012"", ""e-enable granular web-readiness"", 57.69], [""05/03/2004"", ""syndicate dynamic technologies"", 328.37], [""10/02/2022"", ""orchestrate wireless schemas"", 322.57]]"
35052463818,Mckenzie Group Pty Ltd,"PSC 2606, Box 3057, APO AE 68477","43952 Madison Field, Kimchester, MO 81841",bd45b26a-16a1-4e1e-86ed-81a052ca44fd,07/05/2009,30/09/2000,6781670,Christina Brown,1296.23,129.62,1425.85,"[[""19/07/2007"", ""innovate seamless markets"", 196.15], [""09/04/2011"", ""empower wireless infrastructures"", 206.8], [""09/03/2015"", ""synergize turn-key info-mediaries"", 269.61], [""22/06/2019"", ""transition proactive experiences"", 313.82], [""09/06/2018"", ""seize bleeding-edge deliverables"", 309.85]]"
71428350846,Young LLC Pty Ltd,"487 Stephanie Cliffs Suite 439, North Vanessabury, RI 96983","07277 Christopher Plain, East Bethview, CT 80557",6409ea90-968d-47be-9f5c-2afefc62d23e,12/11/2021,19/09/2008,171728,Colton Green,495.13,49.51,544.64,"[[""14/02/1996"", ""embrace clicks-and-mortar e-tailers"", 495.13]]"
33014559000,"Ford, Castro and Mitchell Pty Ltd","247 Brian Gateway, Port Richardville, NJ 84772","60916 Nguyen Viaduct, Lake Nicoleville, AS 52277",75ffecdb-395f-47f6-aa36-4b7748baae81,10/08/2007,13/06/2014,3335030,Robin Allen,958.94,95.89,1054.83,"[[""26/04/2004"", ""deliver collaborative action-items"", 182.66], [""03/07/1995"", ""matrix killer action-items"", 239.59], [""01/03/1994"", ""engineer customized networks"", 280.98], [""09/12/2007"", ""implement transparent vortals"", 255.71]]"
9758070123,Nguyen PLC Pty Ltd,"536 Jennifer Roads, Nicholasmouth, ND 34194","690 Devin Underpass Apt. 393, West Eric, MI 32524",f965cd38-4697-449c-a911-26d3d8d1686e,14/02/2011,28/01/2005,6318873,Janet Tran,1226.7,122.67,1349.37,"[[""31/05/2006"", ""re-intermediate granular communities"", 147.94], [""07/10/2015"", ""e-enable dynamic metrics"", 90.65], [""28/05/1997"", ""engage customized portals"", 287.45], [""12/08/2007"", ""leverage scalable e-markets"", 311.39], [""03/05/2014"", ""enable 24/365 paradigms"", 389.27]]"
73225405359,Stewart and Sons Pty Ltd,"82384 Kelsey Glen, Port Gregorystad, MA 21779","0827 Smith Pike, Angelashire, PA 73852",d482e40a-1a6e-4ab1-8a15-f6e2093f6747,22/04/2009,28/12/2000,1470266,Alicia White,178.85,17.89,196.74,"[[""29/08/2001"", ""monetize next-generation schemas"", 97.97], [""08/01/2003"", ""architect killer infrastructures"", 24.77], [""14/07/2010"", ""re-intermediate clicks-and-mortar ROI"", 56.11]]"
1325121720,Thornton Ltd Pty Ltd,"487 Johnson Gardens Apt. 960, West Jennifer, GU 24459","272 Williams Brooks, Lake Yvonnehaven, MO 38713",fa769fe0-d7a9-4fc3-a868-7dec08feb6fa,27/09/2012,21/11/1996,4399612,Ryan Campbell,134.34,13.43,147.77,"[[""15/08/2011"", ""enhance revolutionary e-commerce"", 134.34]]"
73047814946,Hunt and Sons Pty Ltd,"053 West Locks, North Amy, AZ 73294","26278 Johnson Road, South Julieborough, AK 98436",2fca95fc-d19c-412f-8040-5c62fef1daa0,26/05/2016,17/04/2020,1888213,Megan Wilcox,964.13,96.41,1060.54,"[[""18/02/2008"", ""incentivize best-of-breed communities"", 50.02], [""27/03/2006"", ""drive visionary solutions"", 132.43], [""12/07/2015"", ""repurpose compelling architectures"", 103.08], [""17/01/2005"", ""visualize interactive info-mediaries"", 213.02], [""07/12/2009"", ""embrace visionary synergies"", 465.58]]"
79806058585,Wood-Cunningham Pty Ltd,"146 Miller Street, East Kenneth, HI 23726","494 Daniel Estates, South Michaelbury, VA 59692",c421387e-4c95-422c-846e-785bb1e5ed16,08/09/1994,05/07/2012,753272,Edward Watson,544.54,54.45,598.99,"[[""06/10/2012"", ""repurpose global e-business"", 276.94], [""24/10/2011"", ""orchestrate integrated partnerships"", 267.6]]"
98271389265,Chung-Pittman Pty Ltd,"5842 Anderson Point, Kingshire, MS 78438","937 Henry Meadows Suite 352, Richardtown, ID 87778",c2ff5cb7-2867-4917-a075-1152bd2c1ec0,21/03/2011,22/02/2019,8822770,Maria Long,1254.07,125.41,1379.48,"[[""06/01/1998"", ""architect sticky supply-chains"", 155.05], [""19/05/2016"", ""reinvent bricks-and-clicks deliverables"", 425.66], [""03/05/1996"", ""facilitate real-time content"", 451.9], [""06/08/1998"", ""matrix dynamic action-items"", 221.46]]"
80972734564,Richardson and Sons Pty Ltd,"46008 Moody Land, Justinside, DC 40707","58176 Johnson Vista, Christopherchester, WI 20128",df13fb49-a855-4386-8512-5b8db5c4cfac,31/05/2009,17/10/1999,8648530,Lynn Curtis,1232.89,123.29,1356.18,"[[""16/05/2011"", ""innovate collaborative e-commerce"", 21.55], [""14/01/2020"", ""brand user-centric experiences"", 447.32], [""28/01/2008"", ""deliver end-to-end e-commerce"", 461.73], [""02/06/2004"", ""extend plug-and-play mindshare"", 277.41], [""23/12/1998"", ""scale dynamic systems"", 24.88]]"
90409703656,"Wolfe, Hawkins and Steele Pty Ltd","6440 Misty Manors Apt. 044, Lisashire, AK 54143","94271 Russell Plain Suite 548, Ronniemouth, IA 89582",03805e70-b335-42f8-b4e6-3dfc5bdd5e99,01/07/2015,20/07/2010,9347419,Shawn Hernandez,1375.06,137.51,1512.57,"[[""01/04/2006"", ""strategize bricks-and-clicks e-commerce"", 455.5], [""15/07/2002"", ""matrix efficient technologies"", 208.38], [""21/03/2018"", ""monetize open-source partnerships"", 311.25], [""07/07/2015"", ""re-intermediate cross-platform schemas"", 399.93]]"
48022267088,Shaffer-Burns Pty Ltd,"997 Paul Vista, Thomasstad, MO 49354","805 Salazar Isle Suite 321, Waltersmouth, AS 72981",336c2cd0-bc94-42e2-a7e9-d08ae219e0fc,25/05/1997,04/10/2009,5423062,James Brooks,1499.44,149.94,1649.38,"[[""14/06/2019"", ""orchestrate open-source communities"", 139.98], [""25/09/2008"", ""leverage turn-key methodologies"", 341.54], [""04/07/2020"", ""engineer global vortals"", 434.31], [""08/04/1999"", ""expedite vertical schemas"", 427.96], [""07/07/1994"", ""e-enable 24/7 markets"", 155.65]]"
88137961706,Mcmahon Ltd Pty Ltd,"580 Catherine Hollow, Port Justin, MA 93427","777 Torres Lodge, Lake Hannahstad, UT 96776",afed68f1-e898-4e78-8e48-bab895542591,29/01/2007,03/08/2005,126813,Jason Davis,631.99,63.2,695.19,"[[""14/09/2010"", ""cultivate intuitive web-readiness"", 355.59], [""31/05/2006"", ""reinvent innovative systems"", 76.47], [""18/12/1993"", ""engineer impactful initiatives"", 52.95], [""21/08/2017"", ""morph plug-and-play infrastructures"", 146.98]]"
5271235018,Moore-Hernandez Pty Ltd,"0230 Karen Haven Apt. 798, New Robinmouth, KS 55415","896 Beth Brooks Apt. 466, Contrerasside, VT 88654",ed430e2c-ad13-4b17-8249-7ee82007a518,18/03/2020,07/04/2020,8921581,Victor Sims,696.55,69.66,766.21,"[[""15/07/2010"", ""synergize interactive supply-chains"", 253.55], [""11/08/1994"", ""orchestrate 24/7 info-mediaries"", 443.0]]"
33276126963,"Moore, Marks and Wolfe Pty Ltd","USNV Torres, FPO AP 59901","01655 Diane Locks Suite 767, Jillchester, AZ 31304",6492a547-3ab4-4c1f-80de-9db208403473,22/06/2011,16/12/1995,4478067,Becky Hart,820.01,82.0,902.01,"[[""04/08/2007"", ""engage viral convergence"", 269.25], [""05/06/2004"", ""target turn-key eyeballs"", 362.82], [""09/01/2018"", ""mesh ubiquitous methodologies"", 187.94]]"
73630539303,"Parrish, Burns and Swanson Pty Ltd","092 Frank Way, Salasport, TN 52372","719 Torres Lights Suite 542, Tranmouth, PA 25424",9fed0062-9950-45e6-86a7-8665ec43f61d,09/08/2008,05/01/2018,3858003,William Jensen,791.48,79.15,870.63,"[[""07/07/2020"", ""embrace synergistic web-readiness"", 368.37], [""17/06/2018"", ""embrace revolutionary networks"", 423.11]]"
18116055698,Diaz Inc Pty Ltd,"82433 Campbell Harbor Apt. 897, North Jacob, NM 19275","354 Allison Lock, Aaronland, AR 97038",8c6d331e-0178-4f2f-8875-f068f3e25006,10/06/2012,12/05/2006,2731528,Jacqueline Bird,821.57,82.16,903.73,"[[""22/12/2003"", ""envisioneer value-added niches"", 255.17], [""24/02/2005"", ""orchestrate integrated communities"", 405.97], [""12/05/2012"", ""empower intuitive networks"", 143.03], [""19/11/2014"", ""implement intuitive action-items"", 17.4]]"
80036181968,Terry Inc Pty Ltd,"0950 Erica Pike, North Cathyport, OR 45096","35680 Austin Tunnel Suite 317, North Kevinview, UT 20262",803992ab-dc3f-4609-a40f-70ed8d07622a,03/10/2006,05/04/2010,355968,Todd Smith,256.63,25.66,282.29,"[[""20/07/2011"", ""monetize user-centric e-tailers"", 256.63]]"
98535556423,Hamilton Inc Pty Ltd,"060 Jackson Field, Simpsonshire, FM 15705","453 Edwards Centers Apt. 018, Watsonborough, NJ 42741",3dad3d90-524f-4ace-8a3f-d254e6c62391,10/07/2001,26/10/2006,9786991,Raymond Morgan,1485.0,148.5,1633.5,"[[""19/08/2000"", ""deploy distributed e-commerce"", 357.44], [""07/11/2012"", ""unleash global functionalities"", 362.3], [""10/11/2018"", ""optimize best-of-breed niches"", 141.31], [""18/09/2022"", ""architect cutting-edge schemas"", 447.11], [""26/02/2007"", ""cultivate end-to-end synergies"", 176.84]]"
33917287661,"Davis, Hicks and Adams Pty Ltd","2477 Elizabeth Station Suite 088, Henryberg, ID 48427","Unit 9443 Box 5084, DPO AP 61353",1c59a7aa-cb86-40c6-8f43-02e74ddcab9a,15/03/2013,15/11/2020,3933502,Justin Gibbs,379.17,37.92,417.09,"[[""17/01/2005"", ""incentivize extensible e-business"", 379.17]]"
60767684069,Hayes-Smith Pty Ltd,"USNS Fisher, FPO AA 58665","836 Reed Field, Carolstad, ID 49003",48e84037-e5eb-4eea-a56b-bf2372961289,22/07/2010,25/12/2022,2035700,Rodney Turner,617.13,61.71,678.84,"[[""11/07/2010"", ""unleash out-of-the-box bandwidth"", 4.27], [""13/08/2002"", ""transition viral platforms"", 319.93], [""25/07/2013"", ""e-enable wireless e-markets"", 269.07], [""05/05/2011"", ""unleash impactful e-markets"", 23.86]]"
7793599509,Curry-Simmons Pty Ltd,"7907 Daniel Parkways Suite 715, Toddborough, MP 53048","2185 Douglas Corner, Taraburgh, TX 75863",5d483514-8499-473c-ab47-49fd8fe0ead5,11/05/1994,25/07/1998,7403372,Robert Thompson,399.95,40.0,439.95,"[[""10/03/2018"", ""cultivate sticky mindshare"", 363.73], [""19/05/2009"", ""productize open-source e-markets"", 36.22]]"
68488800148,Turner-Taylor Pty Ltd,"02912 Crystal Divide Apt. 986, West Donnaton, FM 05916","8832 William Row, Erinton, TN 10581",4b9a8130-2ad2-4113-a30e-bd1ba03c45ac,18/01/2003,22/11/1993,6678628,Alexis Mcdonald,411.97,41.2,453.17,"[[""02/03/2000"", ""morph robust communities"", 411.97]]"
52355362949,"Medina, Johnson and Ritter Pty Ltd","78968 Neal Fords Apt. 575, Brittanyside, NH 03404","2171 Gary Points Suite 576, Madisonshire, ND 37566",7f168d19-0269-495c-b96b-79acb3d34c68,21/06/1997,14/02/2016,2947616,Thomas Wright,589.96,59.0,648.96,"[[""03/09/2009"", ""innovate magnetic interfaces"", 118.56], [""22/11/2008"", ""repurpose magnetic info-mediaries"", 158.85], [""22/08/1999"", ""transform cross-platform solutions"", 312.55]]"
58681060529,"Freeman, Cooper and Chen Pty Ltd","71629 Jessica Vista, Lake Nathaniel, OK 34222","37010 Ronald Crossing, Tylerberg, NC 73851",28c70777-9b4e-4d51-9ec6-fe29d8918383,21/01/1995,16/10/2006,9145703,Carolyn Dalton,570.84,57.08,627.92,"[[""27/12/1998"", ""streamline one-to-one convergence"", 183.15], [""02/02/2016"", ""re-intermediate collaborative e-markets"", 363.02], [""13/12/2004"", ""revolutionize robust architectures"", 24.67]]"
91894585910,Stone Inc Pty Ltd,"923 Richard Spring, Ericmouth, CA 50068","66722 Bean Island Suite 546, New Jeffreyport, KY 53532",cf72ebc6-e3d5-40eb-bff1-e71a3091778e,03/03/2010,24/03/2022,3223451,Jennifer Harris,520.44,52.04,572.48,"[[""27/11/2003"", ""aggregate transparent partnerships"", 428.94], [""08/08/2014"", ""reinvent 24/7 methodologies"", 91.5]]"
46216656067,Wilson-Olson Pty Ltd,"4550 Evans Squares, Jacquelinefort, AL 15468","76598 Lori Plains, Dustinshire, MS 51463",59dcac9a-5f1c-4c3d-9ea5-78b587afec9b,27/06/2010,08/03/1999,4098404,Melissa Harmon,530.94,53.09,584.03,"[[""05/04/2013"", ""syndicate innovative action-items"", 35.28], [""18/03/2002"", ""e-enable efficient ROI"", 495.66]]"
7396504393,"Benitez, Grant and Henderson Pty Ltd","95731 Shawn Extension, Mckinneytown, SC 58048","USNV Bauer, FPO AA 04784",f6c73a26-40c1-47f0-879a-4aa34c07a14d,02/07/2021,17/11/2003,9419261,Monique Bernard,202.92,20.29,223.21,"[[""12/04/2018"", ""architect bricks-and-clicks niches"", 169.77], [""11/10/2000"", ""repurpose killer markets"", 33.15]]"
6111408383,Davis-Brown Pty Ltd,"555 Stephen Rapid Apt. 496, Port Andrew, GU 50412","05251 Philip Union Apt. 924, Lake David, DE 61580",61b65c46-e4fa-47b0-a081-661d7512de95,01/12/2011,22/07/2017,5182907,Ricardo Rodriguez,528.83,52.88,581.71,"[[""25/07/2004"", ""strategize front-end web-readiness"", 270.93], [""29/08/2018"", ""syndicate integrated e-markets"", 52.84], [""04/05/2000"", ""orchestrate magnetic schemas"", 90.01], [""12/11/1997"", ""leverage front-end convergence"", 115.05]]"
64959768688,"Morton, Sanchez and Garza Pty Ltd","817 Rogers Expressway Apt. 543, East Tanya, HI 87301","084 Lewis Circle Suite 341, Amandaside, LA 77536",6aae0609-f08b-4ef9-964b-64a81796cbbd,06/02/2016,04/08/2019,6783451,Colton Wilson,496.99,49.7,546.69,"[[""21/04/1999"", ""incentivize cross-media solutions"", 89.05], [""08/02/1997"", ""innovate efficient functionalities"", 313.43], [""23/09/2009"", ""disintermediate bleeding-edge e-tailers"", 94.51]]"
38029115957,Williams Inc Pty Ltd,"128 Victoria Mountain Apt. 866, North Williamberg, KY 23411","2582 Colton Square Apt. 895, Port Tinaborough, NE 73552",3995dbaa-f115-4521-8756-1487438f25d3,08/10/2011,23/08/1993,1601175,Sarah Gates,1116.31,111.63,1227.94,"[[""29/10/1995"", ""innovate impactful eyeballs"", 276.93], [""19/05/2021"", ""transition cutting-edge networks"", 486.77], [""07/09/2021"", ""optimize e-business deliverables"", 181.82], [""18/10/2001"", ""maximize strategic portals"", 170.79]]"
72581394457,"Avery, Wright and Jones Pty Ltd","77644 Christine Mount, Christinamouth, MS 30484","0949 Lucas Parkways, Ericburgh, VI 69689",72e9ba2d-9056-4a54-a0c3-27ef26bcfe2a,27/11/1993,18/01/2019,6274519,David Sullivan,488.18,48.82,537.0,"[[""19/07/2000"", ""enable strategic initiatives"", 488.18]]"
30998973343,"Nelson, Williams and Jacobs Pty Ltd","83489 Bryant Forges, Lake Kimberly, MH 10351","80260 Acosta Garden Apt. 281, Jenkinsville, TN 41102",8235f029-8a14-43b2-a9fe-684147bd6cfa,13/01/2014,18/10/1996,3520892,Douglas Russell,1405.97,140.6,1546.57,"[[""20/06/1993"", ""incentivize integrated communities"", 305.09], [""09/05/2016"", ""extend global markets"", 358.1], [""27/07/2009"", ""orchestrate B2C methodologies"", 484.94], [""18/07/1997"", ""leverage enterprise content"", 36.33], [""23/11/2016"", ""synergize robust e-services"", 221.51]]"
93701005013,Fitzpatrick-Wilcox Pty Ltd,"413 Brooks Landing Apt. 966, Scottport, CA 94221","Unit 2385 Box 6759, DPO AP 68065",7586b8b8-e353-4108-a864-66cb5fd5a267,22/03/2003,18/06/2011,8040011,Justin Mills,313.42,31.34,344.76,"[[""24/09/2012"", ""mesh holistic relationships"", 313.42]]"
68928664051,"Patterson, Ritter and White Pty Ltd","PSC 1043, Box 7878, APO AE 23961","0622 Whitaker Radial, Port John, GU 39619",745353b4-53b1-4eca-8d30-7b70ab42565b,14/10/1995,08/08/2022,4690431,Jared Velez,559.57,55.96,615.53,"[[""26/06/1997"", ""harness interactive eyeballs"", 344.43], [""28/03/2010"", ""optimize viral eyeballs"", 215.14]]"
40932247293,Scott-Sherman Pty Ltd,"1749 Daniel Burg Apt. 566, New Samanthashire, AS 68857","679 Amanda Wells, South William, MO 15418",7ebd0be9-b0db-4c99-8f77-806ee160d1c4,19/06/1997,10/02/2016,4794628,David White,220.15,22.02,242.17,"[[""18/03/2009"", ""brand distributed platforms"", 220.15]]"
79322951161,"Carroll, Lowery and Lambert Pty Ltd","335 Matthew Corner, Jenniferfurt, FL 85849","1231 Anthony Cape Apt. 571, Bishopmouth, RI 27303",72a27ceb-f296-4c2e-ae96-d3e48b9e9151,25/12/1995,25/12/2009,6906779,Brittney Hernandez,513.97,51.4,565.37,"[[""22/05/1997"", ""generate efficient partnerships"", 424.99], [""17/04/1997"", ""mesh e-business deliverables"", 61.85], [""15/09/1997"", ""maximize one-to-one experiences"", 27.13]]"
82017086260,Carlson PLC Pty Ltd,"04589 Diaz Burgs Suite 947, Carrbury, KS 85120","42248 Larry Courts, Lake Marcus, MO 07522",3734e1ad-5cda-41a5-85d7-af7eef398067,07/08/2016,30/11/2015,7810223,Caitlin Hardy,351.03,35.1,386.13,"[[""01/12/2002"", ""repurpose open-source experiences"", 351.03]]"
79605870113,House-Bridges Pty Ltd,"752 Martin Row Suite 378, West Danielburgh, MP 68790","15997 Anderson Ferry Suite 195, Lake Virginiamouth, TX 35361",9ec0c5f3-f030-41d9-9ef3-ac44bafe1783,02/01/2011,28/12/2006,5250457,Tiffany Khan,383.42,38.34,421.76,"[[""16/09/2017"", ""whiteboard killer communities"", 383.42]]"
3840315234,Perkins-Williams Pty Ltd,"1935 Brown Flat Suite 555, New Angelicabury, VA 98539","228 Richard Park, Adamport, IL 66022",813bfd52-8f76-438b-ac6c-c1a9b461aa9b,23/07/2009,15/11/1997,5703929,Kathryn Harris,1612.83,161.28,1774.11,"[[""11/11/1996"", ""re-intermediate extensible bandwidth"", 490.66], [""23/08/2008"", ""drive vertical schemas"", 471.6], [""25/08/1999"", ""engage dot-com e-commerce"", 263.32], [""19/08/2001"", ""monetize impactful ROI"", 232.18], [""12/07/2016"", ""transition robust schemas"", 155.07]]"
40466462943,Tanner-Anderson Pty Ltd,"9209 Jacob Hollow, West Connie, VT 97322","6460 Johnston Spur, Port Colleen, MP 08497",ecb21587-fe03-4a7c-8d12-aca9d2e420a6,25/03/2013,21/04/1994,8574096,Jennifer Tran,841.07,84.11,925.18,"[[""07/08/2005"", ""morph enterprise paradigms"", 343.58], [""21/05/2011"", ""utilize vertical deliverables"", 37.29], [""17/09/2006"", ""embrace dot-com markets"", 375.2], [""17/05/2017"", ""evolve enterprise initiatives"", 27.9], [""16/02/2003"", ""scale transparent bandwidth"", 57.1]]"
16370142990,"Russell, Roberts and Hernandez Pty Ltd","266 Myers Vista Suite 522, Mariaton, OK 87478","850 Kennedy Estate Apt. 440, North Jordan, NJ 96768",9557ef23-89c2-40f5-b2f3-1aa3509eaa31,25/06/2022,16/08/2015,4377081,Jennifer Welch,1103.4,110.34,1213.74,"[[""16/06/2000"", ""evolve B2B e-services"", 328.93], [""05/02/2012"", ""enhance out-of-the-box bandwidth"", 477.38], [""23/08/2014"", ""brand cross-platform action-items"", 215.82], [""16/09/1994"", ""monetize collaborative action-items"", 81.27]]"
7243522835,Smith-White Pty Ltd,"3302 Robinson Burg, Kathleentown, MN 40515","USNS Kim, FPO AA 46161",ddc6e805-4810-40ec-ac08-23e678f6c9bb,02/10/1997,21/03/2009,1345286,Andrew Jones,1560.18,156.02,1716.2,"[[""20/06/2019"", ""cultivate collaborative e-services"", 458.73], [""09/01/2015"", ""disintermediate turn-key platforms"", 235.07], [""13/03/2015"", ""implement dot-com solutions"", 393.65], [""05/10/1995"", ""maximize real-time interfaces"", 472.73]]"
14194329046,"Raymond, Smith and Bowers Pty Ltd","PSC 8825, Box 9622, APO AE 15754","41720 Sullivan Villages Apt. 274, Port Jennifer, MH 07069",a1732c00-ac93-4564-b467-d6cf40236cba,05/07/2004,13/08/1998,1744879,Christopher Johnson,393.07,39.31,432.38,"[[""17/05/2017"", ""e-enable viral relationships"", 9.52], [""28/10/2019"", ""implement best-of-breed markets"", 383.55]]"
8265727869,"Garrison, Howe and Holt Pty Ltd","Unit 1579 Box 5597, DPO AP 28826","5981 Nathaniel Groves Apt. 580, Michellestad, KS 89411",6ecd8c77-3178-4e38-a8e7-7619c5252771,05/03/2010,15/05/2019,840897,Richard Reed,758.7,75.87,834.57,"[[""12/12/2007"", ""unleash revolutionary architectures"", 377.37], [""27/12/2021"", ""transform proactive vortals"", 381.33]]"
10619129681,Lang PLC Pty Ltd,"2871 Jennifer Ford, Port Brooke, OR 86471","32587 Travis Garden, Lake Heatherborough, NV 22608",75c89cbe-00ca-4254-8e7f-7ab787044865,14/08/2017,10/03/2021,6747864,Victoria Snow,844.03,84.4,928.43,"[[""29/03/2014"", ""generate cross-media info-mediaries"", 348.12], [""27/03/2010"", ""exploit bricks-and-clicks vortals"", 495.91]]"
2884034135,Shaffer-Burton Pty Ltd,"550 Christopher Branch Suite 844, Port Heather, WY 62327","USS Mcconnell, FPO AP 97061",46da464f-6809-442c-bcc1-25f2416faefb,05/12/2007,19/09/1999,5353060,Deborah Hendrix,512.26,51.23,563.49,"[[""26/01/2001"", ""strategize end-to-end e-tailers"", 412.75], [""15/05/2001"", ""e-enable front-end relationships"", 99.51]]"
31220147469,Rodriguez and Sons Pty Ltd,"38154 Crane Shore, South Alanberg, CT 70903","838 Peterson Court Suite 873, Sandovalbury, AL 44584",2d23479a-29d5-4956-8abe-f1e599a5eb34,23/07/1998,29/10/2003,3635223,Nicole Olson,313.56,31.36,344.92,"[[""17/09/1996"", ""generate collaborative communities"", 97.33], [""25/02/2020"", ""disintermediate leading-edge action-items"", 70.37], [""30/05/2001"", ""orchestrate transparent methodologies"", 145.86]]"
28056121145,Fields-Smith Pty Ltd,"1661 Andrea Loop Suite 545, Fullerberg, IN 34310","597 Medina Ports, Jerryville, KY 38870",e151eba1-3c8d-46ef-9613-b03f39114003,26/09/2015,23/09/2004,5539023,Scott Moore,1296.39,129.64,1426.03,"[[""21/02/2002"", ""unleash clicks-and-mortar web services"", 438.58], [""29/11/2005"", ""generate ubiquitous interfaces"", 309.73], [""16/02/2000"", ""redefine innovative models"", 344.55], [""18/08/2006"", ""empower killer action-items"", 203.53]]"
4057702861,Walton-Townsend Pty Ltd,"441 Frazier Bypass Suite 999, West Jacqueline, FL 58896","233 Timothy Walks, East Justin, IA 00936",65b1391b-3df8-4a01-9a93-9736fc5695e2,29/12/2006,20/02/2004,2600705,Richard Williams,434.87,43.49,478.36,"[[""17/05/2006"", ""facilitate proactive experiences"", 434.87]]"
58915943052,Vargas Inc Pty Ltd,"495 James Mission Apt. 293, Port Hunterhaven, OH 10883","37415 William Station Apt. 540, Robinchester, CO 39971",dddcf456-e5a4-4349-8938-875cbcba5995,14/08/2009,21/04/1994,8379312,Kenneth Vega,729.65,72.97,802.62,"[[""08/11/1994"", ""grow leading-edge deliverables"", 60.58], [""22/07/2022"", ""orchestrate web-enabled interfaces"", 404.51], [""05/03/2012"", ""grow world-class niches"", 264.56]]"
51925559572,"Malone, Pierce and Arnold Pty Ltd","907 Jason Greens, Baileyland, AZ 49562","675 Jeffrey Isle Apt. 625, East Emily, UT 02722",3b8890ad-8d22-4e2b-b02d-cd108a3b4bf1,29/04/1998,08/10/1996,5902291,Karen Davis,1033.26,103.33,1136.59,"[[""12/08/1999"", ""incubate turn-key relationships"", 374.85], [""10/10/2006"", ""benchmark integrated portals"", 13.6], [""02/12/2017"", ""incubate wireless e-markets"", 288.25], [""29/03/1998"", ""re-intermediate plug-and-play initiatives"", 183.79], [""01/01/1997"", ""benchmark back-end infrastructures"", 172.77]]"
6195861330,"Short, Aguilar and Garner Pty Ltd","Unit 5457 Box 1712, DPO AP 49860","585 Miller Gardens Suite 778, Port Robertborough, AZ 49491",8554f20f-9272-4669-8980-00a1acb5a990,29/03/2013,28/08/1996,3218262,Christine Brewer,1052.41,105.24,1157.65,"[[""02/12/2005"", ""visualize rich communities"", 5.7], [""09/01/2011"", ""scale viral channels"", 484.03], [""06/01/2020"", ""incubate collaborative portals"", 453.78], [""06/11/2000"", ""leverage enterprise synergies"", 108.9]]"
61841939852,Wallace-Ross Pty Ltd,"PSC 9390, Box 3597, APO AE 73262","84695 Eric Run, East Crystal, NM 39709",3043d7d1-c2d4-4e38-a3a5-cc12c1fe7c46,09/04/2002,14/02/2016,3414678,Gabriel Page,1368.99,136.9,1505.89,"[[""25/06/2000"", ""evolve distributed e-services"", 469.93], [""21/03/2008"", ""orchestrate granular info-mediaries"", 341.95], [""17/07/2016"", ""incentivize 24/365 communities"", 286.96], [""25/12/2000"", ""revolutionize turn-key architectures"", 177.67], [""31/01/2005"", ""deliver dynamic e-markets"", 92.48]]"
37903505876,"Perez, Ramirez and Fisher Pty Ltd","97942 Joseph Drive Suite 129, Port Jennahaven, MP 86905","9552 Sullivan Rapid Suite 540, Trujilloton, MA 92400",a0e48a39-0623-480a-908e-e5b6f7671a08,21/07/2016,10/04/2016,7652683,Reginald Davis,208.18,20.82,229.0,"[[""16/03/1995"", ""implement compelling web-readiness"", 73.55], [""13/11/2017"", ""syndicate rich applications"", 134.63]]"
61452439436,Heath Group Pty Ltd,"910 Murphy Forest, Port Anthonyville, TN 83879","6043 Long Roads Apt. 242, New Keithview, KS 62981",e34b21d2-3c1f-4fc4-93da-d7a78a2d8ca6,04/02/1994,28/09/2014,170757,Alexander Richardson,570.32,57.03,627.35,"[[""04/04/2007"", ""architect 24/7 web services"", 77.2], [""28/03/2019"", ""benchmark integrated convergence"", 329.15], [""07/04/2019"", ""extend value-added solutions"", 163.97]]"
14883523832,Smith PLC Pty Ltd,"419 King Hill Apt. 511, Lake Tammy, MI 38793","214 Johnston Terrace, West Donnaport, IA 78769",8295f7f7-a1d3-447a-9c1f-8288921bcce3,11/10/2013,21/07/2005,2604355,Julie Wilson,1346.35,134.63,1480.98,"[[""03/05/1997"", ""incentivize enterprise infrastructures"", 445.93], [""18/07/2010"", ""visualize frictionless channels"", 55.83], [""21/11/2003"", ""matrix B2C web-readiness"", 230.33], [""02/10/2020"", ""deliver B2B web services"", 157.7], [""04/08/2020"", ""empower interactive initiatives"", 456.56]]"
43263683792,"Bryant, Edwards and Mcdonald Pty Ltd","85213 Young Mission Apt. 331, Brownton, CA 53006","55991 Bryant Summit Suite 645, Kennethfurt, FM 92787",687e7a29-a5c4-4ed2-a124-9ede343ac93d,30/08/2016,11/07/2012,6448147,Gerald Barber,1770.31,177.03,1947.34,"[[""19/01/2011"", ""incentivize vertical partnerships"", 475.86], [""21/08/2005"", ""transform frictionless e-markets"", 465.45], [""31/07/2021"", ""disintermediate enterprise solutions"", 374.81], [""13/11/2001"", ""envisioneer dot-com technologies"", 420.13], [""29/04/1999"", ""whiteboard bricks-and-clicks supply-chains"", 34.06]]"
40721745198,"Tran, Little and Juarez Pty Ltd","969 Hurst Island, Andreaton, WA 49106","55537 Mullins Hills, Grayland, OR 97191",167f9797-4ae6-4b9d-bf01-41bf6e8c52f1,06/08/2017,16/10/2017,5447209,Travis Davis,658.73,65.87,724.6,"[[""06/10/2020"", ""target efficient supply-chains"", 207.69], [""30/09/1996"", ""synergize cross-platform relationships"", 344.26], [""17/10/2006"", ""architect robust paradigms"", 106.78]]"
23680663079,"Hale, Cantu and Johnson Pty Ltd","31677 Scott Fields Suite 094, Martinside, WI 01553","256 Michelle Cove, Gibbsmouth, UT 13017",7767cbb7-f5c6-4a75-b756-35e4b6fe0841,10/09/2008,28/12/2021,5132381,Leslie Key,362.57,36.26,398.83,"[[""21/02/2022"", ""embrace magnetic solutions"", 186.35], [""25/04/2001"", ""integrate cutting-edge markets"", 176.22]]"
7780958072,Reed-Sims Pty Ltd,"PSC 3310, Box 4497, APO AE 19198","6463 Jasmine Burgs Apt. 647, East Richard, HI 09997",541335c3-ba06-42a7-8438-a95fe5a53639,07/09/2012,07/07/2002,9324928,Crystal Duffy,1475.64,147.56,1623.2,"[[""28/10/2018"", ""productize next-generation relationships"", 265.61], [""22/03/2023"", ""syndicate ubiquitous supply-chains"", 94.76], [""02/07/2007"", ""benchmark end-to-end e-business"", 355.2], [""24/02/2017"", ""seize bricks-and-clicks web-readiness"", 338.55], [""12/10/2013"", ""integrate extensible e-services"", 421.52]]"
56456477598,Larsen-Holmes Pty Ltd,"6675 Joshua Place, Lake Joshua, WV 73360","356 Timothy Streets, Hallberg, MS 94468",d7b2041c-c23c-428c-81da-264d26305c69,29/07/2015,03/06/2005,9755201,Daryl Davis,881.41,88.14,969.55,"[[""07/11/2013"", ""architect clicks-and-mortar e-services"", 188.58], [""02/04/2021"", ""architect extensible mindshare"", 360.96], [""10/01/2013"", ""mesh integrated content"", 331.87]]"
60208823647,"Harper, Ortega and Ross Pty Ltd","26718 Chris Roads, South Nathaniel, OR 55666","Unit 9696 Box 0235, DPO AE 93672",fc03ce5e-d846-4d8f-ad4a-3b46133c9c1b,04/08/2011,15/02/2023,3235022,Hunter Lopez,1087.71,108.77,1196.48,"[[""13/10/2002"", ""revolutionize seamless methodologies"", 387.48], [""08/06/1999"", ""monetize interactive partnerships"", 349.39], [""24/01/2003"", ""evolve ubiquitous e-markets"", 340.86], [""17/08/2004"", ""maximize 24/365 web-readiness"", 9.98]]"
10328718793,Mckay-Daniels Pty Ltd,"04573 Phillips Mill Apt. 665, Washingtonberg, SC 20055","410 Shannon Hills Suite 838, Fosterfurt, ME 14453",d4079991-8feb-446c-a913-e6b1a8af271d,02/05/2004,05/08/2013,1150858,Timothy Sanders,1095.75,109.58,1205.33,"[[""06/03/2022"", ""harness cross-media info-mediaries"", 194.76], [""05/12/2007"", ""orchestrate turn-key convergence"", 437.65], [""04/05/2005"", ""grow cross-media supply-chains"", 463.34]]"
32874462502,Gibson Inc Pty Ltd,"1176 Moran Mission, Port Rhondaside, VI 06249","587 Elijah Isle, Port Meganshire, IL 76907",20b71069-435e-4fe7-9ea9-f41691d30a0f,03/02/1997,27/04/2005,7120998,Elizabeth Griffin,130.44,13.04,143.48,"[[""02/03/2000"", ""redefine holistic vortals"", 130.44]]"
93672780508,Watson Ltd Pty Ltd,"5716 Evans Inlet, Port Monique, ID 19855","33951 Avery Tunnel, West Victortown, NV 89868",e8a2b7a1-acb3-4859-8cf7-32b0a8113019,02/09/2018,12/10/2013,1488032,Garrett Melendez,1348.17,134.82,1482.99,"[[""04/09/1998"", ""exploit interactive metrics"", 443.35], [""26/01/2009"", ""empower 24/7 supply-chains"", 89.53], [""24/02/1995"", ""synthesize compelling systems"", 389.49], [""03/02/1997"", ""streamline proactive initiatives"", 425.8]]"
50447569031,"Williams, Smith and Garcia Pty Ltd","912 Albert Alley Apt. 208, Brittanystad, MI 10370","466 Kidd Trail Apt. 768, Douglasfort, VA 21395",6c27986b-bdae-4894-9a9d-cd6b67023afd,07/06/2011,22/09/2009,7226693,Brad Carroll,480.85,48.09,528.94,"[[""23/05/2003"", ""seize end-to-end e-services"", 480.85]]"
